Season,Week,PID,Player,Pos,Team,Opp,FFPts,FFPtsPPR,Pass Comp,Pass Att,Pass Yds,Pass TD,INT,Rush Att,Rush Yds,Rush TD,Rec,Rec Yds,Rec TD,XP,FG,Grade,FantasyAces(Projected points),FantasyAces(Price),DraftDay(Projected points),DraftDay(Price),DraftKings(Projected points),DraftKings(Price),FanDuel(Projected points),FanDuel(Price),FantasyFeud(Projected points),FantasyFeud(Price)
2015,1,crosbm1,Mason Crosby,K,GB,@CHI,9.2,9.2,0.0,0.0,0.0,0.0,0.0,0.0,0.0,0.0,0.0,0.0,0.0,3.1,2.0,A-Game,,,,,,,9.2,5100.0,,
2015,1,bailed1,Dan Bailey,K,DAL,NYG,9.0,9.0,0.0,0.0,0.0,0.0,0.0,0.0,0.0,0.0,0.0,0.0,0.0,3.1,2.0,A-Game,,,,,,,9.0,5000.0,,
2015,1,gostks1,Stephen Gostkowski,K,NE,PIT,9.0,9.0,0.0,0.0,0.0,0.0,0.0,0.0,0.0,0.0,0.0,0.0,0.0,3.0,2.0,A-Game,,,,,,,9.0,5200.0,,
2015,1,parkec1,Cody Parkey,K,PHI,@ATL,9.0,9.0,0.0,0.0,0.0,0.0,0.0,0.0,0.0,0.0,0.0,0.0,0.0,3.0,2.0,A-Game,,,,,,,9.0,5000.0,,
2015,1,bryanm1,Matt Bryant,K,ATL,PHI,8.7,8.7,0.0,0.0,0.0,0.0,0.0,0.0,0.0,0.0,0.0,0.0,0.0,2.9,1.9,A-Game,,,,,,,8.7,5000.0,,
2015,1,vinata1,Adam Vinatieri,K,IND,@BUF,8.4,8.4,0.0,0.0,0.0,0.0,0.0,0.0,0.0,0.0,0.0,0.0,0.0,2.7,1.9,A-Game,,,,,,,8.4,5000.0,,
2015,1,catanc1,Chandler Catanzaro,K,ARI,NO,8.3,8.3,0.0,0.0,0.0,0.0,0.0,0.0,0.0,0.0,0.0,0.0,0.0,2.7,1.8,A-Game,,,,,,,8.3,4700.0,,
2015,1,hauscs1,Steven Hauschka,K,SEA,@STL,8.2,8.2,0.0,0.0,0.0,0.0,0.0,0.0,0.0,0.0,0.0,0.0,0.0,2.6,1.9,A-Game,,,,,,,8.2,5100.0,,
2015,1,tuckej1,Justin Tucker,K,BAL,@DEN,8.1,8.1,0.0,0.0,0.0,0.0,0.0,0.0,0.0,0.0,0.0,0.0,0.0,2.7,1.8,A-Game,,,,,,,8.1,5200.0,,
2015,1,nugenm1,Mike Nugent,K,CIN,@OAK,8.0,8.0,0.0,0.0,0.0,0.0,0.0,0.0,0.0,0.0,0.0,0.0,0.0,2.6,1.8,A-Game,,,,,,,8.0,4800.0,,
2015,1,mcmanb1,Brandon McManus,K,DEN,BAL,8.0,8.0,0.0,0.0,0.0,0.0,0.0,0.0,0.0,0.0,0.0,0.0,0.0,3.1,1.6,A-Game,,,,,,,8.0,4500.0,,
2015,1,ganog1,Graham Gano,K,CAR,@JAX,7.9,7.9,0.0,0.0,0.0,0.0,0.0,0.0,0.0,0.0,0.0,0.0,0.0,2.5,1.8,A-Game,,,,,,,7.9,4600.0,,
2015,1,pratem1,Matt Prater,K,DET,@SD,7.9,7.9,0.0,0.0,0.0,0.0,0.0,0.0,0.0,0.0,0.0,0.0,0.0,2.4,1.8,A-Game,,,,,,,7.9,4700.0,,
2015,1,franka1,Andrew Franks,K,MIA,@WAS,7.9,7.9,0.0,0.0,0.0,0.0,0.0,0.0,0.0,0.0,0.0,0.0,0.0,2.6,1.8,A-Game,,,,,,,7.9,4500.0,,
2015,1,walshb1,Blair Walsh,K,MIN,@SF,7.8,7.8,0.0,0.0,0.0,0.0,0.0,0.0,0.0,0.0,0.0,0.0,0.0,2.1,1.9,B-Game,,,,,,,7.8,4700.0,,
2015,1,scobej2,Josh Scobee,K,PIT,@NE,7.7,7.7,0.0,0.0,0.0,0.0,0.0,0.0,0.0,0.0,0.0,0.0,0.0,2.4,1.8,B-Game,,,,,,,7.7,4600.0,,
2015,1,folkn1,Nick Folk,K,NYJ,CLE,7.7,7.7,0.0,0.0,0.0,0.0,0.0,0.0,0.0,0.0,0.0,0.0,0.0,2.4,1.8,B-Game,,,,,,,7.7,4600.0,,
2015,1,carped2,Dan Carpenter,K,BUF,IND,7.6,7.6,0.0,0.0,0.0,0.0,0.0,0.0,0.0,0.0,0.0,0.0,0.0,2.4,1.7,B-Game,,,,,,,7.6,4800.0,,
2015,1,hockez1,Zach Hocker,K,NO,@ARI,7.6,7.6,0.0,0.0,0.0,0.0,0.0,0.0,0.0,0.0,0.0,0.0,0.0,2.4,1.7,B-Game,,,,,,,7.6,4500.0,,
2015,1,brindk1,Kyle Brindza,K,TB,TEN,7.6,7.6,0.0,0.0,0.0,0.0,0.0,0.0,0.0,0.0,0.0,0.0,0.0,2.4,1.7,B-Game,,,,,,,7.6,4500.0,,
2015,1,lamboj1,Josh Lambo,K,SD,DET,7.5,7.5,0.0,0.0,0.0,0.0,0.0,0.0,0.0,0.0,0.0,0.0,0.0,2.7,1.6,B-Game,,,,,,,7.5,4500.0,,
2015,1,brownj1,Josh Brown,K,NYG,@DAL,7.5,7.5,0.0,0.0,0.0,0.0,0.0,0.0,0.0,0.0,0.0,0.0,0.0,2.4,1.7,B-Game,,,,,,,7.5,4500.0,,
2015,1,gouldr1,Robbie Gould,K,CHI,GB,7.5,7.5,0.0,0.0,0.0,0.0,0.0,0.0,0.0,0.0,0.0,0.0,0.0,2.4,1.7,B-Game,,,,,,,7.5,4800.0,,
2015,1,bullor1,Randy Bullock,K,HOU,KC,7.3,7.3,0.0,0.0,0.0,0.0,0.0,0.0,0.0,0.0,0.0,0.0,0.0,2.3,1.7,B-Game,,,,,,,7.3,4800.0,,
2015,1,dawsop1,Phil Dawson,K,SF,MIN,7.3,7.3,0.0,0.0,0.0,0.0,0.0,0.0,0.0,0.0,0.0,0.0,0.0,2.3,1.7,B-Game,,,,,,,7.3,5000.0,,
2015,1,forbak1,Kai Forbath,K,WAS,MIA,7.2,7.2,0.0,0.0,0.0,0.0,0.0,0.0,0.0,0.0,0.0,0.0,0.0,2.3,1.6,B-Game,,,,,,,7.2,4600.0,,
2015,1,janiks1,Sebastian Janikowski,K,OAK,CIN,7.0,7.0,0.0,0.0,0.0,0.0,0.0,0.0,0.0,0.0,0.0,0.0,0.0,2.2,1.6,B-Game,,,,,,,7.0,4700.0,,
2015,1,santoc1,Cairo Santos,K,KC,@HOU,7.0,7.0,0.0,0.0,0.0,0.0,0.0,0.0,0.0,0.0,0.0,0.0,0.0,2.2,1.6,B-Game,,,,,,,7.0,4800.0,,
2015,1,succor1,Ryan Succop,K,TEN,@TB,7.0,7.0,0.0,0.0,0.0,0.0,0.0,0.0,0.0,0.0,0.0,0.0,0.0,2.1,1.6,B-Game,,,,,,,7.0,4600.0,,
2015,1,myersj1,Jason Myers,K,JAX,CAR,6.7,6.7,0.0,0.0,0.0,0.0,0.0,0.0,0.0,0.0,0.0,0.0,0.0,2.1,1.6,B-Game,,,,,,,6.7,4500.0,,
2015,1,zuerlg1,Greg Zuerlein,K,STL,SEA,6.7,6.7,0.0,0.0,0.0,0.0,0.0,0.0,0.0,0.0,0.0,0.0,0.0,1.9,1.6,B-Game,,,,,,,6.7,4800.0,,
2015,1,coonst1,Travis Coons,K,CLE,@NYJ,6.7,6.7,0.0,0.0,0.0,0.0,0.0,0.0,0.0,0.0,0.0,0.0,0.0,2.1,1.5,B-Game,,,,,,,6.7,4500.0,,
2015,1,rodgea1,Aaron Rodgers,QB,GB,@CHI,21.5,21.5,23.0,34.9,286.5,2.3,0.6,2.9,18.5,0.1,0.0,0.0,0.0,0.0,0.0,A-Game,24.5,7450.0,22.4,20200.0,23.1,8600.0,22.4,9700.0,22.4,168900.0
2015,1,lucka1,Andrew Luck,QB,IND,@BUF,20.5,20.5,23.9,38.6,281.8,2.3,1.0,4.7,18.9,0.1,0.0,0.0,0.0,0.0,0.0,A-Game,23.5,7200.0,21.9,20300.0,22.6,8300.0,21.9,9200.0,21.9,151500.0
2015,1,bradyt1,Tom Brady,QB,NE,PIT,18.6,18.6,25.0,39.2,287.2,2.0,0.6,0.8,2.6,0.0,0.0,0.0,0.0,0.0,0.0,A-Game,21.7,6400.0,19.6,15900.0,20.2,7700.0,19.6,8400.0,19.6,138500.0
2015,1,ryanm1,Matt Ryan,QB,ATL,PHI,18.6,18.6,23.9,37.3,283.8,2.1,1.0,2.0,9.2,0.0,0.0,0.0,0.0,0.0,0.0,A-Game,21.6,6800.0,19.9,16700.0,20.6,7500.0,19.9,8800.0,19.9,142100.0
2015,1,romot1,Tony Romo,QB,DAL,NYG,18.6,18.6,21.4,33.4,283.5,2.1,0.8,1.0,3.3,0.0,0.0,0.0,0.0,0.0,0.0,A-Game,21.6,6600.0,19.7,16050.0,20.3,7300.0,19.7,8700.0,19.7,138400.0
2015,1,mannip1,Peyton Manning,QB,DEN,BAL,18.5,18.5,23.5,36.3,285.0,2.3,0.9,0.4,1.1,0.0,0.0,0.0,0.0,0.0,0.0,A-Game,21.6,7000.0,19.8,17650.0,20.4,8200.0,19.8,9100.0,19.8,152800.0
2015,1,roethb1,Ben Roethlisberger,QB,PIT,@NE,17.9,17.9,23.5,37.2,293.9,1.9,0.7,0.5,1.4,0.0,0.0,0.0,0.0,0.0,0.0,A-Game,21.1,6650.0,19.1,16750.0,19.7,7300.0,19.1,8600.0,19.1,135700.0
2015,1,tanner1,Ryan Tannehill,QB,MIA,@WAS,17.9,17.9,23.3,36.6,270.8,1.8,0.9,3.5,18.9,0.1,0.0,0.0,0.0,0.0,0.0,A-Game,20.9,6200.0,19.3,15450.0,20.0,7400.0,19.3,8000.0,19.3,131600.0
2015,1,wilsor1,Russell Wilson,QB,SEA,@STL,17.6,17.6,18.4,28.4,221.9,1.4,0.7,6.1,35.0,0.3,0.0,0.0,0.0,0.0,0.0,A-Game,20.1,6600.0,18.9,18400.0,19.5,7800.0,18.9,8800.0,18.9,133300.0
2015,1,bradfs1,Sam Bradford,QB,PHI,@ATL,17.5,17.5,22.9,36.5,286.5,1.9,0.9,1.5,4.7,0.0,0.0,0.0,0.0,0.0,0.0,A-Game,20.6,6250.0,18.9,14800.0,19.5,6900.0,18.9,7500.0,18.9,128900.0
2015,1,palmec1,Carson Palmer,QB,ARI,NO,17.3,17.3,22.8,35.3,260.6,2.0,0.8,1.6,6.2,0.0,0.0,0.0,0.0,0.0,0.0,A-Game,20.1,5900.0,18.5,15100.0,19.1,6500.0,18.5,7700.0,18.5,129700.0
2015,1,mannie1,Eli Manning,QB,NYG,@DAL,17.3,17.3,23.3,37.5,297.5,1.8,0.9,0.7,2.4,0.0,0.0,0.0,0.0,0.0,0.0,A-Game,20.4,6150.0,18.5,16500.0,19.1,7400.0,18.5,8300.0,18.5,129700.0
2015,1,breesd1,Drew Brees,QB,NO,@ARI,17.2,17.2,25.0,38.8,299.8,1.8,1.0,1.4,4.0,0.0,0.0,0.0,0.0,0.0,0.0,A-Game,20.5,7000.0,18.7,16750.0,19.3,8000.0,18.7,8900.0,18.7,137700.0
2015,1,newtoc1,Cam Newton,QB,CAR,@JAX,17.2,17.2,19.4,32.0,209.0,1.5,1.0,7.1,34.1,0.4,0.0,0.0,0.0,0.0,0.0,A-Game,19.6,6300.0,18.8,16650.0,19.4,7600.0,18.8,8400.0,18.8,134800.0
2015,1,riverp1,Philip Rivers,QB,SD,DET,17.0,17.0,22.4,35.6,263.7,2.0,0.9,1.1,4.3,0.0,0.0,0.0,0.0,0.0,0.0,A-Game,19.8,6200.0,18.3,15900.0,18.9,7100.0,18.3,8100.0,18.3,133600.0
2015,1,staffm1,Matthew Stafford,QB,DET,@SD,16.5,16.5,22.5,36.9,265.5,1.6,0.8,2.2,7.6,0.1,0.0,0.0,0.0,0.0,0.0,A-Game,19.4,6550.0,17.7,15600.0,18.3,7000.0,17.7,7800.0,17.7,128200.0
2015,1,cutlej1,Jay Cutler,QB,CHI,GB,16.4,16.4,22.7,35.5,248.6,1.9,1.2,2.3,13.7,0.0,0.0,0.0,0.0,0.0,0.0,B-Game,19.1,5950.0,18.0,14650.0,18.6,6800.0,18.0,7900.0,18.0,120500.0
2015,1,daltoa1,Andy Dalton,QB,CIN,@OAK,16.3,16.3,20.3,31.7,247.1,1.7,1.0,3.9,11.7,0.2,0.0,0.0,0.0,0.0,0.0,B-Game,19.0,5750.0,17.8,13900.0,18.4,6100.0,17.8,7100.0,17.8,121500.0
2015,1,bridgt1,Teddy Bridgewater,QB,MIN,@SF,16.2,16.2,21.6,33.2,262.1,1.4,0.9,3.4,18.5,0.1,0.0,0.0,0.0,0.0,0.0,B-Game,19.1,5500.0,17.6,14800.0,18.2,6600.0,17.6,7200.0,17.6,110900.0
2015,1,kaepec1,Colin Kaepernick,QB,SF,MIN,16.2,16.2,18.4,30.6,211.3,1.5,1.1,5.6,33.6,0.1,0.0,0.0,0.0,0.0,0.0,B-Game,18.6,5700.0,17.8,15550.0,18.4,7000.0,17.8,7900.0,17.8,120600.0
2015,1,flaccj1,Joe Flacco,QB,BAL,@DEN,16.1,16.1,22.7,37.0,266.2,1.8,1.0,1.3,3.2,0.1,0.0,0.0,0.0,0.0,0.0,B-Game,19.0,5900.0,17.5,15100.0,18.1,6700.0,17.5,8200.0,17.5,125800.0
2015,1,mariom1,Marcus Mariota,QB,TEN,@TB,15.4,15.4,19.9,33.2,223.6,1.6,1.1,4.8,22.0,0.1,0.0,0.0,0.0,0.0,0.0,B-Game,17.9,5850.0,17.1,13250.0,17.7,6000.0,17.1,7100.0,17.1,109500.0
2015,1,bortlb1,Blake Bortles,QB,JAX,CAR,15.3,15.3,20.8,35.3,245.2,1.3,1.1,3.4,23.9,0.1,0.0,0.0,0.0,0.0,0.0,B-Game,18.1,5000.0,17.0,13600.0,17.7,5900.0,17.0,6400.0,17.0,108000.0
2015,1,carrd2,Derek Carr,QB,OAK,CIN,15.3,15.3,21.8,36.5,242.2,1.9,1.1,3.0,7.9,0.0,0.0,0.0,0.0,0.0,0.0,B-Game,18.0,5400.0,17.0,13250.0,17.5,6100.0,17.0,6300.0,17.0,111400.0
2015,1,smitha4,Alex Smith,QB,KC,@HOU,15.2,15.2,20.8,33.3,243.4,1.2,0.5,4.5,19.8,0.1,0.0,0.0,0.0,0.0,0.0,B-Game,17.9,5600.0,16.3,14550.0,16.9,6200.0,16.3,6600.0,16.3,117500.0
2015,1,taylot2,Tyrod Taylor,QB,BUF,IND,15.1,15.1,17.6,30.6,197.5,1.6,1.0,8.1,25.4,0.2,0.0,0.0,0.0,0.0,0.0,B-Game,17.4,4500.0,16.7,10000.0,17.3,5000.0,16.7,5000.0,16.7,100500.0
2015,1,winstj1,Jameis Winston,QB,TB,TEN,14.1,14.1,20.9,34.3,219.2,1.8,1.1,1.3,7.0,0.0,0.0,0.0,0.0,0.0,0.0,C-Game,16.5,5400.0,15.6,13650.0,16.1,6000.0,15.6,6900.0,15.6,108300.0
2015,1,fitzpr1,Ryan Fitzpatrick,QB,NYJ,CLE,13.7,13.7,19.6,32.7,222.1,1.4,1.1,3.0,11.4,0.1,0.0,0.0,0.0,0.0,0.0,C-Game,16.1,5100.0,15.2,13850.0,15.7,5500.0,15.2,6800.0,15.2,108400.0
2015,1,cousik1,Kirk Cousins,QB,WAS,MIA,13.3,13.3,22.4,34.4,251.6,1.3,1.4,2.4,6.8,0.1,0.0,0.0,0.0,0.0,0.0,C-Game,16.0,5000.0,15.1,13000.0,15.6,5000.0,15.1,6000.0,15.1,94500.0
2015,1,hoyerb1,Brian Hoyer,QB,HOU,KC,13.2,13.2,19.4,31.8,222.6,1.5,1.1,1.3,4.5,0.1,0.0,0.0,0.0,0.0,0.0,C-Game,15.6,5100.0,14.6,12150.0,15.1,5100.0,14.6,6500.0,14.6,101900.0
2015,1,folesn1,Nick Foles,QB,STL,SEA,12.5,12.5,20.6,33.8,212.5,1.2,1.1,3.7,13.2,0.1,0.0,0.0,0.0,0.0,0.0,C-Game,14.9,5900.0,14.2,14200.0,14.7,5300.0,14.2,6400.0,14.2,110200.0
2015,1,mccowj1,Josh McCown,QB,CLE,@NYJ,11.1,11.1,18.5,31.9,204.4,1.0,1.1,1.3,5.8,0.1,0.0,0.0,0.0,0.0,0.0,C-Game,13.3,5200.0,12.7,11350.0,13.1,5200.0,12.7,6300.0,12.7,102000.0
2015,1,lacye1,Eddie Lacy,RB,GB,@CHI,14.0,16.9,0.0,0.0,0.0,0.0,0.0,16.6,78.1,0.5,2.9,27.2,0.1,0.0,0.0,B-Game,15.6,5250.0,17.2,16100.0,17.8,7500.0,15.8,8500.0,15.8,137300.0
2015,1,petera2,Adrian Peterson,RB,MIN,@SF,13.9,16.9,0.0,0.0,0.0,0.0,0.0,18.3,80.7,0.5,3.0,26.2,0.1,0.0,0.0,B-Game,15.6,5800.0,17.4,17150.0,18.0,7700.0,15.8,9200.0,15.8,139900.0
2015,1,hillj5,Jeremy Hill,RB,CIN,@OAK,13.1,15.1,0.0,0.0,0.0,0.0,0.0,17.2,86.3,0.5,2.0,13.6,0.1,0.0,0.0,B-Game,14.3,4900.0,15.5,14550.0,16.1,7100.0,14.5,8600.0,14.5,127600.0
2015,1,charlj1,Jamaal Charles,RB,KC,@HOU,13.1,16.3,0.0,0.0,0.0,0.0,0.0,15.6,68.3,0.6,3.2,21.9,0.1,0.0,0.0,B-Game,14.9,5700.0,16.7,15650.0,17.2,7900.0,15.1,8900.0,15.1,133000.0
2015,1,lynchm1,Marshawn Lynch,RB,SEA,@STL,13.0,15.0,0.0,0.0,0.0,0.0,0.0,16.4,61.0,0.8,2.0,17.8,0.1,0.0,0.0,B-Game,14.2,5400.0,15.4,16500.0,15.8,7300.0,14.4,8600.0,14.4,131000.0
2015,1,fortem1,Matt Forte,RB,CHI,GB,12.6,16.2,0.0,0.0,0.0,0.0,0.0,17.1,75.9,0.3,3.5,24.9,0.2,0.0,0.0,B-Game,14.6,5600.0,16.5,14550.0,17.1,7800.0,14.8,8800.0,14.8,132100.0
2015,1,anderc2,C.J. Anderson,RB,DEN,BAL,12.6,15.4,0.0,0.0,0.0,0.0,0.0,17.3,71.0,0.5,2.8,19.4,0.1,0.0,0.0,B-Game,14.1,5300.0,15.7,14550.0,16.2,7000.0,14.3,8400.0,14.3,122600.0
2015,1,murrad1,DeMarco Murray,RB,PHI,@ATL,12.4,14.4,0.0,0.0,0.0,0.0,0.0,14.2,70.6,0.6,2.1,12.9,0.1,0.0,0.0,B-Game,13.5,5700.0,14.7,14450.0,15.2,6700.0,13.6,8500.0,13.6,130000.0
2015,1,forsej2,Justin Forsett,RB,BAL,@DEN,12.1,16.1,0.0,0.0,0.0,0.0,0.0,13.2,57.9,0.4,4.0,30.6,0.2,0.0,0.0,B-Game,14.3,4800.0,16.4,13050.0,16.9,6200.0,14.4,7800.0,14.4,111700.0
2015,1,millel2,Lamar Miller,RB,MIA,@WAS,12.1,14.3,0.0,0.0,0.0,0.0,0.0,14.9,70.3,0.5,2.2,17.6,0.1,0.0,0.0,B-Game,13.3,4450.0,14.6,12750.0,15.1,5500.0,13.5,7300.0,13.5,105200.0
2015,1,stewaj3,Jonathan Stewart,RB,CAR,@JAX,11.2,13.1,0.0,0.0,0.0,0.0,0.0,17.3,73.1,0.5,1.9,12.5,0.1,0.0,0.0,B-Game,12.4,4250.0,13.5,11950.0,14.0,5800.0,12.6,7100.0,12.6,105700.0
2015,1,ingram1,Mark Ingram,RB,NO,@ARI,10.6,14.1,0.0,0.0,0.0,0.0,0.0,13.9,57.0,0.3,3.5,27.0,0.1,0.0,0.0,B-Game,12.5,4500.0,14.4,11650.0,14.9,5600.0,12.6,7800.0,12.6,108400.0
2015,1,ellina1,Andre Ellington,RB,ARI,NO,10.6,13.8,0.0,0.0,0.0,0.0,0.0,15.1,61.7,0.3,3.2,22.2,0.1,0.0,0.0,B-Game,12.4,4550.0,14.2,11000.0,14.7,6400.0,12.6,7900.0,12.6,103000.0
2015,1,mccoyl2,LeSean McCoy,RB,BUF,IND,10.6,12.3,0.0,0.0,0.0,0.0,0.0,14.0,62.1,0.5,1.8,13.8,0.1,0.0,0.0,B-Game,11.6,5300.0,12.6,14450.0,13.1,7200.0,11.8,8400.0,11.8,135400.0
2015,1,goref1,Frank Gore,RB,IND,@BUF,10.5,13.8,0.0,0.0,0.0,0.0,0.0,14.7,62.9,0.2,3.2,22.5,0.1,0.0,0.0,B-Game,12.3,4100.0,14.1,13600.0,14.6,5400.0,12.5,7500.0,12.5,110000.0
2015,1,ivoryc1,Chris Ivory,RB,NYJ,CLE,10.5,12.5,0.0,0.0,0.0,0.0,0.0,14.6,59.0,0.6,2.1,10.0,0.1,0.0,0.0,C-Game,11.7,3950.0,12.9,9550.0,13.3,4100.0,11.9,6400.0,11.9,86800.0
2015,1,murral1,Latavius Murray,RB,OAK,CIN,10.4,12.4,0.0,0.0,0.0,0.0,0.0,16.5,74.3,0.2,2.0,14.5,0.1,0.0,0.0,C-Game,11.6,4450.0,12.7,11600.0,13.3,5700.0,11.7,7400.0,11.7,98200.0
2015,1,martid2,Doug Martin,RB,TB,TEN,10.1,12.7,0.0,0.0,0.0,0.0,0.0,15.4,63.9,0.3,2.6,16.4,0.1,0.0,0.0,C-Game,11.6,4100.0,13.1,10450.0,13.5,4500.0,11.8,6900.0,11.8,84600.0
2015,1,willid1,DeAngelo Williams,RB,PIT,@NE,10.0,12.6,0.0,0.0,0.0,0.0,0.0,17.4,59.8,0.3,2.6,20.6,0.1,0.0,0.0,C-Game,11.5,3900.0,12.9,10100.0,13.4,5100.0,11.6,7600.0,11.6,85500.0
2015,1,yeldot1,T.J. Yeldon,RB,JAX,CAR,10.0,12.1,0.0,0.0,0.0,0.0,0.0,15.7,54.8,0.5,2.2,15.9,0.0,0.0,0.0,C-Game,11.2,4000.0,12.5,9700.0,12.9,5500.0,11.4,7000.0,11.4,87400.0
2015,1,morria1,Alfred Morris,RB,WAS,MIA,9.9,11.3,0.0,0.0,0.0,0.0,0.0,15.7,59.0,0.6,1.4,8.8,0.0,0.0,0.0,C-Game,10.8,4550.0,11.6,12450.0,12.0,5500.0,11.0,7400.0,11.0,105200.0
2015,1,crowei1,Isaiah Crowell,RB,CLE,@NYJ,9.8,10.5,0.0,0.0,0.0,0.0,0.0,16.1,58.9,0.6,0.6,5.1,0.0,0.0,0.0,C-Game,10.3,4200.0,10.8,8000.0,11.2,4600.0,10.5,6100.0,10.5,78500.0
2015,1,hydec1,Carlos Hyde,RB,SF,MIN,9.1,10.3,0.0,0.0,0.0,0.0,0.0,14.8,58.2,0.4,1.2,8.5,0.0,0.0,0.0,C-Game,9.9,4600.0,10.6,11600.0,11.0,5300.0,10.0,7300.0,10.0,93600.0
2015,1,abdula1,Ameer Abdullah,RB,DET,@SD,9.1,12.4,0.0,0.0,0.0,0.0,0.0,10.6,46.5,0.2,3.3,26.6,0.1,0.0,0.0,C-Game,10.9,3800.0,12.7,8700.0,13.1,4000.0,11.0,5900.0,11.0,77000.0
2015,1,bellj1,Joique Bell,RB,DET,@SD,9.0,10.9,0.0,0.0,0.0,0.0,0.0,11.9,53.5,0.4,1.9,13.3,0.0,0.0,0.0,C-Game,10.1,4500.0,11.2,11000.0,11.6,5200.0,10.2,6500.0,10.2,100600.0
2015,1,cunnib2,Benny Cunningham,RB,STL,SEA,9.0,12.3,0.0,0.0,0.0,0.0,0.0,15.2,47.6,0.4,3.3,19.1,0.1,0.0,0.0,C-Game,10.8,3000.0,12.7,6000.0,13.1,3000.0,11.0,5100.0,11.0,44400.0
2015,1,gordom1,Melvin Gordon,RB,SD,DET,8.7,10.0,0.0,0.0,0.0,0.0,0.0,12.6,59.6,0.3,1.3,9.2,0.1,0.0,0.0,C-Game,9.5,4800.0,10.3,11750.0,10.7,5500.0,9.6,7100.0,9.6,105000.0
2015,1,bluea1,Alfred Blue,RB,HOU,KC,8.5,10.5,0.0,0.0,0.0,0.0,0.0,13.4,49.4,0.3,1.9,14.5,0.1,0.0,0.0,C-Game,9.7,4250.0,10.8,11200.0,11.2,3600.0,9.8,5800.0,9.8,87000.0
2015,1,colemt1,Tevin Coleman,RB,ATL,PHI,8.5,10.9,0.0,0.0,0.0,0.0,0.0,11.5,39.8,0.4,2.4,15.6,0.1,0.0,0.0,C-Game,9.8,4100.0,11.1,8250.0,11.4,4800.0,9.9,6700.0,9.9,69800.0
2015,1,bernag1,Giovani Bernard,RB,CIN,@OAK,8.5,12.0,0.0,0.0,0.0,0.0,0.0,8.3,33.6,0.2,3.6,32.1,0.2,0.0,0.0,C-Game,10.4,4700.0,12.3,9000.0,12.6,4700.0,10.5,7200.0,10.5,88800.0
2015,1,randlj1,Joseph Randle,RB,DAL,NYG,8.3,9.5,0.0,0.0,0.0,0.0,0.0,7.5,52.4,0.4,1.2,8.5,0.0,0.0,0.0,C-Game,9.0,4350.0,9.6,10700.0,10.0,5900.0,9.0,6900.0,9.0,94100.0
2015,1,jennir1,Rashad Jennings,RB,NYG,@DAL,8.0,9.8,0.0,0.0,0.0,0.0,0.0,10.2,47.7,0.3,1.7,14.9,0.1,0.0,0.0,C-Game,9.0,4400.0,10.0,9300.0,10.4,5100.0,9.1,6600.0,9.1,95800.0
2015,1,verees1,Shane Vereen,RB,NYG,@DAL,8.0,11.6,0.0,0.0,0.0,0.0,0.0,7.4,36.9,0.1,3.6,29.8,0.1,0.0,0.0,C-Game,9.9,4300.0,11.8,8100.0,12.2,4200.0,10.0,6500.0,10.0,71300.0
2015,1,woodhd1,Danny Woodhead,RB,SD,DET,7.7,11.8,0.0,0.0,0.0,0.0,0.0,6.3,23.7,0.1,4.0,35.6,0.2,0.0,0.0,C-Game,9.8,4000.0,12.0,7350.0,12.3,3700.0,9.9,6000.0,9.9,72300.0
2015,1,mcfadd1,Darren McFadden,RB,DAL,NYG,7.6,9.0,0.0,0.0,0.0,0.0,0.0,12.1,43.2,0.3,1.4,12.8,0.0,0.0,0.0,C-Game,8.4,4300.0,9.2,9000.0,9.6,4400.0,8.5,6600.0,8.5,76400.0
2015,1,sankeb1,Bishop Sankey,RB,TEN,@TB,7.4,9.0,0.0,0.0,0.0,0.0,0.0,13.4,48.1,0.2,1.6,11.2,0.0,0.0,0.0,C-Game,8.3,3900.0,9.3,10250.0,9.6,4300.0,8.5,6300.0,8.5,84500.0
2015,1,mather1,Ryan Mathews,RB,PHI,@ATL,7.0,8.0,0.0,0.0,0.0,0.0,0.0,9.0,42.3,0.3,0.9,8.6,0.0,0.0,0.0,C-Game,7.6,4000.0,8.1,8600.0,8.4,3600.0,7.6,5900.0,7.6,85500.0
2015,1,lewisd1,Dion Lewis,RB,NE,PIT,6.8,9.1,0.0,0.0,0.0,0.0,0.0,7.9,31.1,0.3,2.3,14.4,0.1,0.0,0.0,C-Game,8.0,3000.0,9.2,6000.0,9.5,3000.0,8.1,4500.0,8.1,35000.0
2015,1,boldeb1,Brandon Bolden,RB,NE,PIT,6.7,8.0,0.0,0.0,0.0,0.0,0.0,10.3,34.7,0.4,1.3,8.6,0.0,0.0,0.0,C-Game,7.5,3700.0,8.2,6000.0,8.4,3000.0,7.6,6500.0,7.6,52300.0
2015,1,johnsd11,Duke Johnson,RB,CLE,@NYJ,6.6,9.3,0.0,0.0,0.0,0.0,0.0,9.1,30.4,0.3,2.8,18.4,0.1,0.0,0.0,C-Game,8.1,3700.0,9.6,8250.0,9.9,3000.0,8.2,5800.0,8.2,67800.0
2015,1,polkc1,Chris Polk,RB,HOU,KC,6.6,7.7,0.0,0.0,0.0,0.0,0.0,9.0,39.8,0.3,1.2,7.8,0.0,0.0,0.0,C-Game,7.2,4100.0,7.9,6000.0,8.2,3000.0,7.3,4900.0,7.3,42800.0
2015,1,arched1,Dri Archer,RB,PIT,@NE,6.3,8.0,0.0,0.0,0.0,0.0,0.0,8.1,31.8,0.2,1.7,17.6,0.1,0.0,0.0,C-Game,7.2,3000.0,8.2,6000.0,8.5,3300.0,7.3,5300.0,7.3,38000.0
2015,1,robink3,Khiry Robinson,RB,NO,@ARI,6.2,7.0,0.0,0.0,0.0,0.0,0.0,9.3,42.6,0.2,0.8,6.0,0.0,0.0,0.0,C-Game,6.7,3900.0,7.1,6000.0,7.4,3000.0,6.8,5000.0,6.8,44000.0
2015,1,johnsd12,David Johnson,RB,ARI,NO,6.2,7.9,0.0,0.0,0.0,0.0,0.0,6.9,32.1,0.2,1.7,13.0,0.1,0.0,0.0,C-Game,7.1,3750.0,8.0,7850.0,8.3,3800.0,7.2,5300.0,7.2,50200.0
2015,1,freemd1,Devonta Freeman,RB,ATL,PHI,6.1,8.0,0.0,0.0,0.0,0.0,0.0,8.1,28.7,0.2,1.9,14.2,0.1,0.0,0.0,C-Game,7.2,4000.0,8.2,8150.0,8.4,4300.0,7.2,6500.0,7.2,71100.0
2015,1,jonesm4,Matt Jones,RB,WAS,MIA,5.8,8.5,0.0,0.0,0.0,0.0,0.0,7.9,27.6,0.2,2.7,18.9,0.1,0.0,0.0,C-Game,7.2,3000.0,8.7,6000.0,8.9,3700.0,7.3,5500.0,7.3,51600.0
2015,1,sprold1,Darren Sproles,RB,PHI,@ATL,5.6,8.1,0.0,0.0,0.0,0.0,0.0,2.2,13.4,0.2,2.5,25.8,0.1,0.0,0.0,C-Game,6.9,4200.0,8.2,7200.0,8.4,3300.0,6.9,5800.0,6.9,75800.0
2015,1,bushr1,Reggie Bush,RB,SF,MIN,5.4,8.1,0.0,0.0,0.0,0.0,0.0,6.4,24.6,0.2,2.8,16.9,0.1,0.0,0.0,C-Game,6.9,4100.0,8.3,6000.0,8.6,3900.0,7.0,5500.0,7.0,66600.0
2015,1,hillmr1,Ronnie Hillman,RB,DEN,BAL,5.0,6.5,0.0,0.0,0.0,0.0,0.0,6.3,22.5,0.1,1.5,12.8,0.1,0.0,0.0,C-Game,5.8,3800.0,6.6,6000.0,6.8,3000.0,5.9,5400.0,5.9,75000.0
2015,1,allenj2,Javorius Allen,RB,BAL,@DEN,4.9,5.8,0.0,0.0,0.0,0.0,0.0,7.3,22.2,0.3,0.9,8.0,0.1,0.0,0.0,C-Game,5.4,3000.0,5.9,6000.0,6.1,3500.0,5.4,5400.0,5.4,36500.0
2015,1,whitej4,James White,RB,NE,PIT,4.8,5.8,0.0,0.0,0.0,0.0,0.0,6.0,26.9,0.2,1.0,7.2,0.0,0.0,0.0,C-Game,5.4,3500.0,6.0,6000.0,6.2,3800.0,5.5,6200.0,5.5,42500.0
2015,1,robind1,Denard Robinson,RB,JAX,CAR,4.8,6.0,0.0,0.0,0.0,0.0,0.0,7.4,29.9,0.2,1.1,9.8,0.0,0.0,0.0,C-Game,5.5,3900.0,6.1,6000.0,6.4,3000.0,5.6,5800.0,5.6,61800.0
2015,1,davisk2,Knile Davis,RB,KC,@HOU,4.8,5.9,0.0,0.0,0.0,0.0,0.0,6.7,19.8,0.3,1.1,8.5,0.0,0.0,0.0,C-Game,5.4,3900.0,6.0,6000.0,6.2,3600.0,5.5,6000.0,5.5,71300.0
2015,1,helur1,Roy Helu,RB,OAK,CIN,4.7,7.6,0.0,0.0,0.0,0.0,0.0,4.1,19.1,0.0,2.9,20.6,0.1,0.0,0.0,C-Game,6.2,4000.0,7.7,6600.0,8.0,3000.0,6.3,5600.0,6.3,62100.0
2015,1,dunbal1,Lance Dunbar,RB,DAL,NYG,4.6,6.5,0.0,0.0,0.0,0.0,0.0,5.7,20.3,0.1,1.9,19.8,0.0,0.0,0.0,C-Game,5.6,3500.0,6.7,6000.0,6.9,3000.0,5.7,5000.0,5.7,68400.0
2015,1,powelb1,Bilal Powell,RB,NYJ,CLE,4.6,6.0,0.0,0.0,0.0,0.0,0.0,5.2,21.6,0.2,1.4,11.1,0.1,0.0,0.0,C-Game,5.4,3300.0,6.1,6000.0,6.3,3000.0,5.4,5200.0,5.4,48600.0
2015,1,starkj1,James Starks,RB,GB,@CHI,4.4,5.6,0.0,0.0,0.0,0.0,0.0,7.0,27.8,0.2,1.2,7.2,0.0,0.0,0.0,C-Game,5.1,3700.0,5.7,6000.0,5.9,3600.0,5.1,5400.0,5.1,62200.0
2015,1,robinj2,Josh Robinson,RB,IND,@BUF,4.4,5.7,0.0,0.0,0.0,0.0,0.0,7.1,26.3,0.1,1.3,11.3,0.0,0.0,0.0,C-Game,5.1,3000.0,5.8,6000.0,6.1,3000.0,5.2,4600.0,5.2,35000.0
2015,1,simsc1,Charles Sims,RB,TB,TEN,4.4,5.9,0.0,0.0,0.0,0.0,0.0,6.7,22.7,0.2,1.5,9.9,0.0,0.0,0.0,C-Game,5.2,3500.0,6.0,6000.0,6.2,3800.0,5.3,6200.0,5.3,61100.0
2015,1,mckinj1,Jerick McKinnon,RB,MIN,@SF,4.1,5.8,0.0,0.0,0.0,0.0,0.0,3.6,21.2,0.1,1.7,13.1,0.0,0.0,0.0,C-Game,5.0,3800.0,5.9,6000.0,6.1,3300.0,5.0,5700.0,5.0,71800.0
2015,1,willid9,Damien Williams,RB,MIA,@WAS,3.9,5.3,0.0,0.0,0.0,0.0,0.0,6.6,20.7,0.2,1.4,8.1,0.0,0.0,0.0,C-Game,4.7,3850.0,5.4,6000.0,5.6,3500.0,4.7,5500.0,4.7,35000.0
2015,1,johnsc4,Chris Johnson,RB,ARI,NO,3.7,4.2,0.0,0.0,0.0,0.0,0.0,4.4,23.4,0.2,0.5,2.6,0.0,0.0,0.0,C-Game,4.0,4300.0,4.2,6850.0,4.4,3200.0,4.0,4500.0,4.0,64000.0
2015,1,peadi1,Isaiah Pead,RB,STL,SEA,3.6,5.2,0.0,0.0,0.0,0.0,0.0,5.6,17.6,0.1,1.6,10.6,0.0,0.0,0.0,C-Game,4.5,3000.0,5.4,6000.0,5.6,3000.0,4.6,5100.0,,
2015,1,willia1,Andre Williams,RB,NYG,@DAL,3.5,3.8,0.0,0.0,0.0,0.0,0.0,5.7,23.2,0.2,0.2,1.5,0.0,0.0,0.0,C-Game,3.7,3500.0,3.9,6000.0,4.0,3000.0,3.8,5500.0,3.8,64400.0
2015,1,oliveb1,Branden Oliver,RB,SD,DET,3.5,4.4,0.0,0.0,0.0,0.0,0.0,4.5,20.7,0.1,0.9,6.6,0.0,0.0,0.0,C-Game,4.0,3500.0,4.5,6000.0,4.7,3500.0,4.1,5600.0,4.1,66500.0
2015,1,wardt1,Terron Ward,RB,ATL,PHI,3.4,4.4,0.0,0.0,0.0,0.0,0.0,4.9,17.0,0.1,1.0,7.1,0.0,0.0,0.0,C-Game,4.0,3000.0,4.5,6000.0,4.6,3000.0,4.0,4500.0,4.0,35000.0
2015,1,grimej1,Jonathan Grimes,RB,HOU,KC,3.4,4.4,0.0,0.0,0.0,0.0,0.0,4.0,18.5,0.1,1.0,6.7,0.0,0.0,0.0,C-Game,3.9,3800.0,4.5,6000.0,4.6,3000.0,4.0,4500.0,4.0,39000.0
2015,1,thompj1,Juwan Thompson,RB,DEN,BAL,3.2,3.7,0.0,0.0,0.0,0.0,0.0,3.6,15.8,0.2,0.6,4.3,0.0,0.0,0.0,C-Game,3.5,3300.0,3.8,6000.0,3.9,3000.0,3.5,4600.0,3.5,35000.0
2015,1,stacyz1,Zac Stacy,RB,NYJ,CLE,2.8,3.1,0.0,0.0,0.0,0.0,0.0,5.1,19.3,0.1,0.3,2.2,0.0,0.0,0.0,C-Game,3.0,3650.0,3.2,6000.0,3.4,3200.0,3.1,5000.0,3.1,48300.0
2015,1,reecem1,Marcel Reece,RB,OAK,CIN,2.8,4.5,0.0,0.0,0.0,0.0,0.0,2.9,10.1,0.0,1.7,12.1,0.1,0.0,0.0,C-Game,,,4.6,6000.0,4.7,3000.0,3.7,5000.0,3.7,35600.0
2015,1,mcclud1,Dexter McCluster,RB,TEN,@TB,2.6,4.8,0.0,0.0,0.0,0.0,0.0,2.3,7.3,0.0,2.2,13.4,0.1,0.0,0.0,C-Game,3.7,3200.0,4.9,6000.0,5.0,3300.0,3.8,5200.0,3.8,42500.0
2015,1,raineb1,Bobby Rainey,RB,TB,TEN,2.5,3.4,0.0,0.0,0.0,0.0,0.0,3.7,18.0,0.1,0.9,4.4,0.0,0.0,0.0,C-Game,3.0,3850.0,3.5,6000.0,3.6,3000.0,3.0,5000.0,3.0,56100.0
2015,1,riddit1,Theo Riddick,RB,DET,@SD,2.5,4.1,0.0,0.0,0.0,0.0,0.0,1.8,6.4,0.0,1.6,14.6,0.0,0.0,0.0,C-Game,3.3,3500.0,4.1,6000.0,4.3,3300.0,3.4,4700.0,3.4,40400.0
2015,1,jacksf2,Fred Jackson,RB,SEA,@STL,2.4,3.2,0.0,0.0,0.0,0.0,0.0,3.8,11.3,0.1,0.8,6.7,0.0,0.0,0.0,C-Game,2.9,3800.0,3.3,6000.0,3.4,3900.0,2.9,6200.0,2.9,82700.0
2015,1,westt1,Terrance West,RB,TEN,@TB,2.1,2.1,0.0,0.0,0.0,0.0,0.0,4.1,15.7,0.1,0.0,0.0,0.0,0.0,0.0,C-Game,2.1,3700.0,2.2,6000.0,2.2,3600.0,2.2,5500.0,2.2,52900.0
2015,1,careyk1,KaDeem Carey,RB,CHI,GB,2.1,2.3,0.0,0.0,0.0,0.0,0.0,2.9,14.3,0.1,0.2,1.2,0.0,0.0,0.0,C-Game,2.2,3400.0,2.3,6000.0,2.4,3000.0,2.2,5300.0,2.2,41400.0
2015,1,tolbem1,Mike Tolbert,RB,CAR,@JAX,2.1,3.0,0.0,0.0,0.0,0.0,0.0,2.2,6.1,0.1,1.0,6.3,0.0,0.0,0.0,C-Game,,,3.1,6000.0,3.2,3000.0,2.6,5000.0,2.6,46100.0
2015,1,hightt1,Tim Hightower,RB,,@,1.9,3.6,0.0,0.0,0.0,0.0,0.0,1.0,3.5,0.0,1.8,12.0,0.0,0.0,0.0,C-Game,2.8,3000.0,3.7,6000.0,3.8,3000.0,2.8,4500.0,2.8,35000.0
2015,1,brownd6,Donald Brown,RB,SD,DET,1.8,2.2,0.0,0.0,0.0,0.0,0.0,3.2,12.2,0.1,0.4,2.6,0.0,0.0,0.0,C-Game,2.1,3500.0,2.3,6000.0,2.4,3000.0,2.1,4500.0,2.1,35000.0
2015,1,michac1,Christine Michael,RB,DAL,NYG,1.8,2.0,0.0,0.0,0.0,0.0,0.0,2.2,11.8,0.1,0.2,1.4,0.0,0.0,0.0,C-Game,1.9,3500.0,2.0,6000.0,2.1,3000.0,1.9,4500.0,1.9,35000.0
2015,1,willik4,Karlos Williams,RB,BUF,IND,1.7,2.1,0.0,0.0,0.0,0.0,0.0,1.9,7.6,0.1,0.4,2.0,0.0,0.0,0.0,C-Game,1.9,3000.0,2.1,6000.0,2.2,3000.0,2.0,4500.0,2.0,42800.0
2015,1,jamesl1,LaMichael James,RB,MIA,@WAS,1.6,2.3,0.0,0.0,0.0,0.0,0.0,3.0,8.3,0.0,0.7,5.4,0.0,0.0,0.0,C-Game,2.0,3000.0,2.4,6000.0,2.5,3000.0,2.1,4500.0,2.1,35000.0
2015,1,talial1,Lorenzo Taliaferro,RB,BAL,@DEN,1.6,1.8,0.0,0.0,0.0,0.0,0.0,2.6,9.3,0.1,0.2,1.3,0.0,0.0,0.0,C-Game,1.7,4000.0,1.9,6000.0,1.9,3400.0,1.8,5500.0,1.8,47500.0
2015,1,gerhat1,Toby Gerhart,RB,JAX,CAR,1.6,3.3,0.0,0.0,0.0,0.0,0.0,0.0,0.0,0.0,1.7,14.7,0.0,0.0,0.0,C-Game,2.4,3800.0,3.3,6000.0,3.4,3400.0,2.5,5000.0,2.5,46500.0
2015,1,dixona1,Anthony Dixon,RB,BUF,IND,1.5,2.4,0.0,0.0,0.0,0.0,0.0,1.0,4.4,0.1,0.9,5.9,0.0,0.0,0.0,C-Game,2.0,3000.0,2.4,6000.0,2.5,3000.0,2.0,4600.0,2.0,35100.0
2015,1,youngd1,Darrel Young,RB,WAS,MIA,1.5,2.3,0.0,0.0,0.0,0.0,0.0,0.5,1.5,0.1,0.8,3.8,0.0,0.0,0.0,C-Game,,,2.3,6000.0,2.3,3000.0,1.9,4500.0,,
2015,1,milleb3,Bruce Miller,RB,SF,MIN,1.4,2.5,0.0,0.0,0.0,0.0,0.0,0.0,0.0,0.0,1.1,10.6,0.1,0.0,0.0,C-Game,,,2.5,6000.0,2.6,3000.0,2.0,4500.0,,
2015,1,juszck1,Kyle Juszczyk,RB,BAL,@DEN,1.4,2.5,0.0,0.0,0.0,0.0,0.0,0.0,0.0,0.0,1.1,10.6,0.1,0.0,0.0,C-Game,,,2.5,6000.0,2.6,3000.0,2.0,4500.0,2.0,35600.0
2015,1,langfj1,Jeremy Langford,RB,CHI,GB,1.3,1.4,0.0,0.0,0.0,0.0,0.0,2.2,9.6,0.0,0.1,0.7,0.0,0.0,0.0,C-Game,1.3,3500.0,1.4,6000.0,1.5,3000.0,1.4,4500.0,1.4,35000.0
2015,1,kuhnj2,John Kuhn,RB,GB,@CHI,1.1,1.5,0.0,0.0,0.0,0.0,0.0,1.7,6.0,0.1,0.3,1.4,0.0,0.0,0.0,C-Game,,,1.5,6000.0,1.6,3000.0,1.4,4500.0,1.4,36000.0
2015,1,asiatm1,Matt Asiata,RB,MIN,@SF,1.1,1.5,0.0,0.0,0.0,0.0,0.0,1.2,5.3,0.0,0.4,2.6,0.0,0.0,0.0,C-Game,1.3,3700.0,1.5,6000.0,1.6,3000.0,1.3,5100.0,1.3,79200.0
2015,1,rodgej1,Jacquizz Rodgers,RB,CHI,GB,1.1,1.5,0.0,0.0,0.0,0.0,0.0,1.4,6.0,0.0,0.5,2.5,0.0,0.0,0.0,C-Game,1.3,3250.0,1.6,6000.0,1.6,3500.0,1.3,4500.0,1.3,60000.0
2015,1,rawlst1,Thomas Rawls,RB,SEA,@STL,1.0,1.2,0.0,0.0,0.0,0.0,0.0,1.9,5.6,0.1,0.2,1.1,0.0,0.0,0.0,C-Game,1.1,3000.0,1.2,6000.0,1.3,3000.0,1.2,4500.0,1.2,35000.0
2015,1,whittf1,Fozzy Whittaker,RB,CAR,@JAX,0.9,1.3,0.0,0.0,0.0,0.0,0.0,0.9,3.7,0.0,0.4,2.1,0.0,0.0,0.0,C-Game,1.1,3000.0,1.3,6000.0,1.3,3500.0,1.1,5100.0,1.1,38000.0
2015,1,thompc1,Chris Thompson,RB,WAS,MIA,0.8,1.6,0.0,0.0,0.0,0.0,0.0,0.3,1.0,0.0,0.8,5.0,0.0,0.0,0.0,C-Game,1.2,3500.0,1.6,6000.0,1.7,3000.0,1.2,5000.0,1.2,35000.0
2015,1,andrea1,Antonio Andrews,RB,TEN,@TB,0.8,0.8,0.0,0.0,0.0,0.0,0.0,1.7,6.3,0.0,0.0,0.0,0.0,0.0,0.0,C-Game,0.8,3000.0,0.8,6000.0,0.8,3000.0,0.8,4500.0,0.8,35000.0
2015,1,sherma1,Anthony Sherman,RB,KC,@HOU,0.7,1.3,0.0,0.0,0.0,0.0,0.0,0.2,0.6,0.0,0.6,4.9,0.0,0.0,0.0,C-Game,1.0,3000.0,1.3,6000.0,1.4,3000.0,1.0,4500.0,1.0,35000.0
2015,1,vargat1,Tyler Varga,RB,IND,@BUF,0.7,1.2,0.0,0.0,0.0,0.0,0.0,0.9,3.4,0.0,0.5,2.8,0.0,0.0,0.0,C-Game,0.9,3000.0,1.2,6000.0,1.2,3000.0,1.0,4500.0,1.0,35000.0
2015,1,darkwo1,Orleans Darkwa,RB,NYG,@DAL,0.7,0.7,0.0,0.0,0.0,0.0,0.0,1.6,6.0,0.0,0.0,0.0,0.0,0.0,0.0,C-Game,0.7,3000.0,0.7,6000.0,0.7,3000.0,0.7,4500.0,0.7,35000.0
2015,1,wattst1,Trey Watts,RB,STL,SEA,0.6,0.6,0.0,0.0,0.0,0.0,0.0,1.2,4.4,0.0,0.0,0.0,0.0,0.0,0.0,C-Game,0.6,3000.0,0.6,6000.0,,,,,0.6,35000.0
2015,1,gronkr1,Rob Gronkowski,TE,NE,PIT,12.6,18.5,0.0,0.0,0.0,0.0,0.0,0.0,0.0,0.0,5.9,80.4,0.8,0.0,0.0,A-Game,15.6,5700.0,18.6,15350.0,19.1,7000.0,15.6,8100.0,15.6,145400.0
2015,1,olseng1,Greg Olsen,TE,CAR,@JAX,8.3,13.6,0.0,0.0,0.0,0.0,0.0,0.0,0.0,0.0,5.3,56.4,0.5,0.0,0.0,B-Game,11.0,4500.0,13.7,12850.0,14.1,5300.0,11.1,5900.0,11.1,108100.0
2015,1,bennem2,Martellus Bennett,TE,CHI,GB,8.3,13.5,0.0,0.0,0.0,0.0,0.0,0.0,0.0,0.0,5.2,57.2,0.4,0.0,0.0,B-Game,10.9,4650.0,13.6,9450.0,13.9,4300.0,11.0,6200.0,11.0,94800.0
2015,1,grahaj1,Jimmy Graham,TE,SEA,@STL,8.0,12.7,0.0,0.0,0.0,0.0,0.0,0.0,0.0,0.0,4.7,56.6,0.4,0.0,0.0,B-Game,10.4,5400.0,12.8,12100.0,13.2,5600.0,10.5,6900.0,10.5,116800.0
2015,1,kelcet1,Travis Kelce,TE,KC,@HOU,8.0,12.4,0.0,0.0,0.0,0.0,0.0,0.0,0.0,0.0,4.4,60.9,0.3,0.0,0.0,B-Game,10.2,4550.0,12.5,11450.0,12.8,4800.0,10.3,6000.0,10.3,97300.0
2015,1,wittej1,Jason Witten,TE,DAL,NYG,7.4,11.8,0.0,0.0,0.0,0.0,0.0,0.0,0.0,0.0,4.4,53.9,0.3,0.0,0.0,B-Game,9.6,4350.0,11.8,8000.0,12.2,4000.0,9.6,5800.0,9.6,77900.0
2015,1,walked2,Delanie Walker,TE,TEN,@TB,7.2,11.4,0.0,0.0,0.0,0.0,0.0,0.0,0.0,0.0,4.2,54.8,0.3,0.0,0.0,B-Game,9.4,4300.0,11.5,9200.0,11.9,3400.0,9.4,5400.0,9.4,74600.0
2015,1,camerj1,Jordan Cameron,TE,MIA,@WAS,6.3,10.0,0.0,0.0,0.0,0.0,0.0,0.0,0.0,0.0,3.7,43.3,0.3,0.0,0.0,C-Game,8.2,4400.0,10.1,8200.0,10.3,3800.0,8.2,5500.0,8.2,70700.0
2015,1,eifert1,Tyler Eifert,TE,CIN,@OAK,5.7,8.9,0.0,0.0,0.0,0.0,0.0,0.0,0.0,0.0,3.2,43.2,0.2,0.0,0.0,C-Game,7.3,3750.0,9.0,6750.0,9.3,3500.0,7.4,5000.0,7.4,64100.0
2015,1,donnel1,Larry Donnell,TE,NYG,@DAL,5.5,9.0,0.0,0.0,0.0,0.0,0.0,0.0,0.0,0.0,3.5,38.7,0.3,0.0,0.0,C-Game,7.3,3650.0,9.1,6300.0,9.3,3200.0,7.3,5300.0,7.3,71600.0
2015,1,sefera1,Austin Seferian-Jenkins,TE,TB,TEN,5.4,8.8,0.0,0.0,0.0,0.0,0.0,0.0,0.0,0.0,3.3,34.0,0.4,0.0,0.0,C-Game,7.1,3200.0,8.8,6750.0,9.0,3400.0,7.2,4700.0,7.2,54900.0
2015,1,reedj4,Jordan Reed,TE,WAS,MIA,5.4,9.1,0.0,0.0,0.0,0.0,0.0,0.0,0.0,0.0,3.7,41.5,0.2,0.0,0.0,C-Game,7.3,3800.0,9.2,6250.0,9.5,3300.0,7.4,5000.0,7.4,47500.0
2015,1,milleh2,Heath Miller,TE,PIT,@NE,5.4,9.0,0.0,0.0,0.0,0.0,0.0,0.0,0.0,0.0,3.6,41.1,0.2,0.0,0.0,C-Game,7.2,4200.0,9.1,6300.0,9.3,3300.0,7.3,5500.0,7.3,68500.0
2015,1,rudolk1,Kyle Rudolph,TE,MIN,@SF,5.3,8.8,0.0,0.0,0.0,0.0,0.0,0.0,0.0,0.0,3.5,35.4,0.3,0.0,0.0,C-Game,7.1,4100.0,8.9,6650.0,9.1,3500.0,7.1,5300.0,7.1,62900.0
2015,1,danieo1,Owen Daniels,TE,DEN,BAL,5.2,8.4,0.0,0.0,0.0,0.0,0.0,0.0,0.0,0.0,3.2,32.8,0.3,0.0,0.0,C-Game,6.8,4450.0,8.4,7850.0,8.6,3400.0,6.8,5500.0,6.8,70700.0
2015,1,greenl1,Ladarius Green,TE,SD,DET,5.0,7.9,0.0,0.0,0.0,0.0,0.0,0.0,0.0,0.0,2.9,33.0,0.3,0.0,0.0,C-Game,6.5,3700.0,8.0,9250.0,8.2,3500.0,6.5,5700.0,6.5,70100.0
2015,1,allend1,Dwayne Allen,TE,IND,@BUF,4.9,7.1,0.0,0.0,0.0,0.0,0.0,0.0,0.0,0.0,2.2,24.0,0.4,0.0,0.0,C-Game,6.0,4250.0,7.1,7600.0,7.3,3400.0,6.0,5400.0,6.0,73200.0
2015,1,davisv1,Vernon Davis,TE,SF,MIN,4.9,7.5,0.0,0.0,0.0,0.0,0.0,0.0,0.0,0.0,2.7,31.7,0.3,0.0,0.0,C-Game,6.2,3900.0,7.6,6000.0,7.8,3100.0,6.3,5300.0,6.3,61000.0
2015,1,hillj4,Josh Hill,TE,NO,@ARI,4.7,7.3,0.0,0.0,0.0,0.0,0.0,0.0,0.0,0.0,2.6,33.0,0.2,0.0,0.0,C-Game,6.1,3900.0,7.4,7950.0,7.6,3400.0,6.1,5200.0,6.1,39100.0
2015,1,ertzz1,Zach Ertz,TE,PHI,@ATL,4.6,7.1,0.0,0.0,0.0,0.0,0.0,0.0,0.0,0.0,2.5,34.4,0.2,0.0,0.0,C-Game,5.9,4100.0,7.2,8900.0,7.4,3600.0,5.9,5400.0,5.9,72900.0
2015,1,fleenc1,Coby Fleener,TE,IND,@BUF,4.5,7.0,0.0,0.0,0.0,0.0,0.0,0.0,0.0,0.0,2.5,29.6,0.3,0.0,0.0,C-Game,5.8,4000.0,7.1,6400.0,7.3,3400.0,5.8,5100.0,5.8,65700.0
2015,1,clayc1,Charles Clay,TE,BUF,IND,4.5,7.3,0.0,0.0,0.0,0.0,0.0,0.0,0.0,0.0,2.8,27.7,0.3,0.0,0.0,C-Game,5.9,4350.0,7.3,6000.0,7.5,3700.0,5.9,5000.0,5.9,61100.0
2015,1,rodger1,Richard Rodgers,TE,GB,@CHI,4.4,6.9,0.0,0.0,0.0,0.0,0.0,0.0,0.0,0.0,2.5,30.1,0.2,0.0,0.0,C-Game,5.7,3200.0,7.0,6000.0,7.2,2500.0,5.7,4900.0,5.7,47500.0
2015,1,cookj2,Jared Cook,TE,STL,SEA,4.4,7.5,0.0,0.0,0.0,0.0,0.0,0.0,0.0,0.0,3.1,29.8,0.2,0.0,0.0,C-Game,6.0,3900.0,7.5,6150.0,7.7,2900.0,6.0,5200.0,6.0,48500.0
2015,1,celekb1,Brent Celek,TE,PHI,@ATL,4.4,7.1,0.0,0.0,0.0,0.0,0.0,0.0,0.0,0.0,2.8,31.5,0.2,0.0,0.0,C-Game,5.8,3400.0,7.2,6000.0,7.4,2500.0,5.8,4500.0,5.8,45100.0
2015,1,chands1,Scott Chandler,TE,NE,PIT,4.4,6.1,0.0,0.0,0.0,0.0,0.0,0.0,0.0,0.0,1.8,23.0,0.3,0.0,0.0,C-Game,5.2,3500.0,6.1,6000.0,6.3,2900.0,5.3,5100.0,5.3,48700.0
2015,1,riverm1,Mychal Rivera,TE,OAK,CIN,4.3,7.0,0.0,0.0,0.0,0.0,0.0,0.0,0.0,0.0,2.7,28.3,0.3,0.0,0.0,C-Game,5.7,3500.0,7.1,6150.0,7.3,2700.0,5.7,5100.0,5.7,52300.0
2015,1,lewism2,Marcedes Lewis,TE,JAX,CAR,4.3,7.0,0.0,0.0,0.0,0.0,0.0,0.0,0.0,0.0,2.7,29.4,0.2,0.0,0.0,C-Game,5.7,3300.0,7.1,6000.0,7.3,2500.0,5.7,4900.0,5.7,37800.0
2015,1,watsob1,Ben Watson,TE,NO,@ARI,4.3,6.8,0.0,0.0,0.0,0.0,0.0,0.0,0.0,0.0,2.5,30.0,0.2,0.0,0.0,C-Game,5.5,3500.0,6.8,6000.0,7.0,2600.0,5.6,4600.0,5.6,60700.0
2015,1,gillmc1,Crockett Gillmore,TE,BAL,@DEN,3.9,6.2,0.0,0.0,0.0,0.0,0.0,0.0,0.0,0.0,2.3,26.6,0.2,0.0,0.0,C-Game,5.0,3000.0,6.2,6000.0,6.4,2500.0,5.1,4700.0,5.1,52200.0
2015,1,ebrone1,Eric Ebron,TE,DET,@SD,3.8,6.4,0.0,0.0,0.0,0.0,0.0,0.0,0.0,0.0,2.6,27.9,0.2,0.0,0.0,C-Game,5.1,3600.0,6.4,6000.0,6.6,2900.0,5.1,5000.0,5.1,46200.0
2015,1,cumbej1,Jeff Cumberland,TE,NYJ,CLE,3.4,5.6,0.0,0.0,0.0,0.0,0.0,0.0,0.0,0.0,2.3,22.2,0.2,0.0,0.0,C-Game,4.5,3000.0,5.7,6000.0,5.8,2500.0,4.5,4900.0,4.5,30300.0
2015,1,tammej1,Jacob Tamme,TE,ATL,PHI,3.4,5.8,0.0,0.0,0.0,0.0,0.0,0.0,0.0,0.0,2.4,22.7,0.2,0.0,0.0,C-Game,4.6,3200.0,5.8,6000.0,5.9,2600.0,4.6,4900.0,4.6,42800.0
2015,1,grahag1,Garrett Graham,TE,HOU,KC,3.3,5.3,0.0,0.0,0.0,0.0,0.0,0.0,0.0,0.0,2.0,22.3,0.2,0.0,0.0,C-Game,4.3,3300.0,5.3,6000.0,5.5,2500.0,4.3,4800.0,4.3,31800.0
2015,1,houslr1,Rob Housler,TE,CLE,@NYJ,3.2,5.4,0.0,0.0,0.0,0.0,0.0,0.0,0.0,0.0,2.2,22.5,0.2,0.0,0.0,C-Game,4.3,3200.0,5.5,6000.0,5.6,2500.0,4.4,4900.0,4.4,38500.0
2015,1,greshj1,Jermaine Gresham,TE,ARI,NO,3.2,5.1,0.0,0.0,0.0,0.0,0.0,0.0,0.0,0.0,2.0,20.8,0.2,0.0,0.0,C-Game,4.1,4000.0,5.1,6000.0,5.3,2800.0,4.2,5300.0,4.2,57100.0
2015,1,kendrl1,Lance Kendricks,TE,STL,SEA,2.9,4.5,0.0,0.0,0.0,0.0,0.0,0.0,0.0,0.0,1.6,12.8,0.3,0.0,0.0,C-Game,3.7,3000.0,4.5,6000.0,4.6,2500.0,3.7,4800.0,3.7,39000.0
2015,1,willsl1,Luke Willson,TE,SEA,@STL,2.5,3.6,0.0,0.0,0.0,0.0,0.0,0.0,0.0,0.0,1.1,16.6,0.1,0.0,0.0,C-Game,3.0,3300.0,3.6,6000.0,3.7,2500.0,3.0,4700.0,3.0,39500.0
2015,1,escobg1,Gavin Escobar,TE,DAL,NYG,2.0,2.9,0.0,0.0,0.0,0.0,0.0,0.0,0.0,0.0,0.9,11.3,0.2,0.0,0.0,C-Game,2.5,3100.0,2.9,6000.0,3.0,2500.0,2.5,4500.0,2.5,31500.0
2015,1,willim6,Maxx Williams,TE,BAL,@DEN,1.9,3.1,0.0,0.0,0.0,0.0,0.0,0.0,0.0,0.0,1.1,13.3,0.1,0.0,0.0,C-Game,2.5,3500.0,3.1,6000.0,3.2,2700.0,2.5,4800.0,2.5,42100.0
2015,1,quarla1,Andrew Quarless,TE,GB,@CHI,1.8,3.0,0.0,0.0,0.0,0.0,0.0,0.0,0.0,0.0,1.2,11.5,0.1,0.0,0.0,C-Game,2.4,3600.0,3.0,6000.0,3.0,2500.0,2.4,5200.0,2.4,50700.0
2015,1,walfoc1,Clive Walford,TE,OAK,CIN,1.7,2.8,0.0,0.0,0.0,0.0,0.0,0.0,0.0,0.0,1.1,12.1,0.1,0.0,0.0,C-Game,2.3,3000.0,2.8,6000.0,2.9,2700.0,2.3,4500.0,2.3,38800.0
2015,1,toilol1,Levine Toilolo,TE,ATL,PHI,1.7,2.7,0.0,0.0,0.0,0.0,0.0,0.0,0.0,0.0,1.0,8.5,0.1,0.0,0.0,C-Game,2.2,3000.0,2.7,6000.0,2.7,2500.0,2.2,4500.0,2.2,30000.0
2015,1,fasana1,Anthony Fasano,TE,TEN,@TB,1.6,2.6,0.0,0.0,0.0,0.0,0.0,0.0,0.0,0.0,1.0,11.2,0.1,0.0,0.0,C-Game,2.1,3000.0,2.6,6000.0,2.7,2500.0,2.1,4500.0,2.1,39500.0
2015,1,barnig1,Gary Barnidge,TE,CLE,@NYJ,1.4,2.4,0.0,0.0,0.0,0.0,0.0,0.0,0.0,0.0,1.0,10.2,0.1,0.0,0.0,C-Game,1.9,3300.0,2.4,6000.0,2.5,2500.0,1.9,4500.0,1.9,30900.0
2015,1,harboc1,Clay Harbor,TE,JAX,CAR,1.3,2.4,0.0,0.0,0.0,0.0,0.0,0.0,0.0,0.0,1.0,9.8,0.1,0.0,0.0,C-Game,1.9,3100.0,2.4,6000.0,2.5,2500.0,1.9,4500.0,1.9,38000.0
2015,1,fellsd1,Daniel Fells,TE,NYG,@DAL,1.3,2.0,0.0,0.0,0.0,0.0,0.0,0.0,0.0,0.0,0.7,10.4,0.1,0.0,0.0,C-Game,1.7,3000.0,2.1,6000.0,2.1,2500.0,1.7,4500.0,1.7,30000.0
2015,1,myersb1,Brandon Myers,TE,TB,TEN,1.3,2.1,0.0,0.0,0.0,0.0,0.0,0.0,0.0,0.0,0.9,6.6,0.1,0.0,0.0,C-Game,1.7,3000.0,2.1,6000.0,2.2,2500.0,1.7,4500.0,1.7,30000.0
2015,1,simsd1,Dion Sims,TE,MIA,@WAS,1.2,2.0,0.0,0.0,0.0,0.0,0.0,0.0,0.0,0.0,0.8,8.1,0.1,0.0,0.0,C-Game,1.6,3000.0,2.1,6000.0,2.1,2500.0,1.6,4800.0,1.6,34900.0
2015,1,fiedoc1,C.J. Fiedorowicz,TE,HOU,KC,1.1,1.9,0.0,0.0,0.0,0.0,0.0,0.0,0.0,0.0,0.8,7.8,0.1,0.0,0.0,C-Game,1.5,3200.0,1.9,6000.0,2.0,2500.0,1.5,4700.0,1.5,30000.0
2015,1,browna4,Antonio Brown,WR,PIT,@NE,15.4,22.9,0.0,0.0,0.0,0.0,0.0,0.1,0.5,0.0,7.6,105.8,0.8,0.0,0.0,A-Game,19.2,5900.0,23.1,16550.0,23.7,8900.0,19.3,9300.0,19.3,145500.0
2015,1,johnsc3,Calvin Johnson,WR,DET,@SD,14.2,20.4,0.0,0.0,0.0,0.0,0.0,0.0,0.0,0.0,6.2,95.6,0.8,0.0,0.0,A-Game,17.4,5750.0,20.6,14900.0,21.1,8500.0,17.4,8500.0,17.4,132700.0
2015,1,jonesj6,Julio Jones,WR,ATL,PHI,14.0,20.5,0.0,0.0,0.0,0.0,0.0,0.0,0.0,0.0,6.5,102.2,0.7,0.0,0.0,A-Game,17.3,5800.0,20.6,14900.0,21.2,9300.0,17.3,9000.0,17.3,138400.0
2015,1,thomad5,Demaryius Thomas,WR,DEN,BAL,14.0,20.6,0.0,0.0,0.0,0.0,0.0,0.0,0.0,0.0,6.6,97.5,0.7,0.0,0.0,A-Game,17.3,5700.0,20.7,16400.0,21.3,9100.0,17.4,8800.0,17.4,142000.0
2015,1,bryand1,Dez Bryant,WR,DAL,NYG,14.0,20.3,0.0,0.0,0.0,0.0,0.0,0.0,0.0,0.0,6.3,87.9,0.9,0.0,0.0,A-Game,17.2,5750.0,20.4,16050.0,20.9,8700.0,17.2,8700.0,17.2,138200.0
2015,1,beckho1,Odell Beckham,WR,NYG,@DAL,13.9,20.1,0.0,0.0,0.0,0.0,0.0,0.5,3.0,0.0,6.3,95.2,0.7,0.0,0.0,A-Game,17.1,5800.0,20.2,16500.0,20.8,9200.0,17.1,8900.0,17.1,138200.0
2015,1,greena2,A.J. Green,WR,CIN,@OAK,13.0,18.7,0.0,0.0,0.0,0.0,0.0,0.0,0.0,0.0,5.8,89.0,0.7,0.0,0.0,A-Game,15.9,5550.0,18.9,14100.0,19.4,7800.0,16.0,8300.0,16.0,121900.0
2015,1,cobbr1,Randall Cobb,WR,GB,@CHI,12.2,17.9,0.0,0.0,0.0,0.0,0.0,0.3,1.3,0.0,5.8,80.2,0.7,0.0,0.0,A-Game,15.1,5600.0,18.0,13600.0,18.5,8000.0,15.1,8400.0,15.1,123800.0
2015,1,matthj2,Jordan Matthews,WR,PHI,@ATL,10.5,15.7,0.0,0.0,0.0,0.0,0.0,0.0,0.0,0.0,5.2,71.6,0.6,0.0,0.0,B-Game,13.2,4400.0,15.8,13550.0,16.2,7200.0,13.2,6800.0,13.2,103700.0
2015,1,edelmj1,Julian Edelman,WR,NE,PIT,10.4,17.2,0.0,0.0,0.0,0.0,0.0,0.7,6.2,0.0,6.9,79.0,0.3,0.0,0.0,B-Game,13.9,4950.0,17.4,10850.0,17.9,6600.0,13.9,7700.0,13.9,103100.0
2015,1,cooksb1,Brandin Cooks,WR,NO,@ARI,10.3,15.9,0.0,0.0,0.0,0.0,0.0,0.8,6.9,0.0,5.6,68.9,0.4,0.0,0.0,B-Game,13.2,4650.0,16.1,11950.0,16.5,7100.0,13.2,7400.0,13.2,96100.0
2015,1,jacksv1,Vincent Jackson,WR,TB,TEN,10.3,15.9,0.0,0.0,0.0,0.0,0.0,0.0,0.0,0.0,5.6,70.1,0.6,0.0,0.0,B-Game,13.1,4600.0,16.0,10150.0,16.4,6000.0,13.2,7200.0,13.2,82500.0
2015,1,sandee1,Emmanuel Sanders,WR,DEN,BAL,10.2,15.5,0.0,0.0,0.0,0.0,0.0,0.5,2.3,0.0,5.3,68.4,0.5,0.0,0.0,B-Game,12.9,4900.0,15.6,12400.0,16.1,7900.0,13.0,8200.0,13.0,125600.0
2015,1,hopkid1,DeAndre Hopkins,WR,HOU,KC,10.2,15.5,0.0,0.0,0.0,0.0,0.0,0.0,0.0,0.0,5.2,73.5,0.5,0.0,0.0,B-Game,12.9,4800.0,15.6,12150.0,16.0,7400.0,12.9,7800.0,12.9,113800.0
2015,1,hiltot1,T.Y. Hilton,WR,IND,@BUF,10.1,15.4,0.0,0.0,0.0,0.0,0.0,0.2,1.7,0.0,5.3,71.9,0.5,0.0,0.0,B-Game,12.8,5400.0,15.5,12850.0,15.9,7600.0,12.8,7800.0,12.8,118100.0
2015,1,adamsd2,Davante Adams,WR,GB,@CHI,9.8,14.9,0.0,0.0,0.0,0.0,0.0,0.0,0.0,0.0,5.1,67.3,0.5,0.0,0.0,B-Game,12.4,4200.0,14.9,11450.0,15.4,4400.0,12.4,5500.0,12.4,65500.0
2015,1,allenk1,Keenan Allen,WR,SD,DET,9.7,14.9,0.0,0.0,0.0,0.0,0.0,0.0,0.0,0.0,5.3,63.3,0.6,0.0,0.0,B-Game,12.4,4450.0,15.0,10250.0,15.4,7100.0,12.4,7900.0,12.4,95000.0
2015,1,fitzgl1,Larry Fitzgerald,WR,ARI,NO,9.7,14.7,0.0,0.0,0.0,0.0,0.0,0.0,0.0,0.0,5.1,66.5,0.5,0.0,0.0,B-Game,12.2,4450.0,14.8,10450.0,15.2,5500.0,12.3,6000.0,12.3,84100.0
2015,1,coopea1,Amari Cooper,WR,OAK,CIN,9.7,14.8,0.0,0.0,0.0,0.0,0.0,0.2,1.1,0.0,5.2,65.2,0.5,0.0,0.0,B-Game,12.3,4500.0,14.9,10550.0,15.3,6700.0,12.3,7100.0,12.3,101700.0
2015,1,jeffea1,Alshon Jeffery,WR,CHI,GB,9.6,15.0,0.0,0.0,0.0,0.0,0.0,0.0,0.0,0.0,5.3,64.6,0.5,0.0,0.0,B-Game,12.3,5100.0,15.1,13200.0,15.4,8300.0,12.4,8400.0,12.4,119700.0
2015,1,landrj1,Jarvis Landry,WR,MIA,@WAS,9.5,15.5,0.0,0.0,0.0,0.0,0.0,0.0,0.0,0.0,5.9,70.4,0.4,0.0,0.0,B-Game,12.6,4600.0,15.6,11050.0,16.0,5600.0,12.6,6900.0,12.6,86700.0
2015,1,smiths1,Steve L Smith,WR,BAL,@DEN,9.5,14.6,0.0,0.0,0.0,0.0,0.0,0.0,0.0,0.0,5.1,71.9,0.4,0.0,0.0,B-Game,12.1,4250.0,14.7,10000.0,15.1,6400.0,12.1,6700.0,12.1,99100.0
2015,1,maclij1,Jeremy Maclin,WR,KC,@HOU,9.3,15.0,0.0,0.0,0.0,0.0,0.0,0.0,0.0,0.0,5.7,74.2,0.3,0.0,0.0,B-Game,12.2,4600.0,15.1,10250.0,15.6,6900.0,12.3,7600.0,12.3,107100.0
2015,1,jacksd2,DeSean Jackson,WR,WAS,MIA,9.3,13.4,0.0,0.0,0.0,0.0,0.0,0.0,0.0,0.0,4.2,67.9,0.4,0.0,0.0,B-Game,11.4,4700.0,13.5,11500.0,13.9,6800.0,11.4,7100.0,11.4,88800.0
2015,1,robina3,Allen Robinson,WR,JAX,CAR,9.2,14.7,0.0,0.0,0.0,0.0,0.0,0.0,0.0,0.0,5.5,72.3,0.3,0.0,0.0,B-Game,12.0,4000.0,14.8,9800.0,15.2,5400.0,12.1,6100.0,12.1,84600.0
2015,1,whiter3,Roddy White,WR,ATL,PHI,9.1,14.3,0.0,0.0,0.0,0.0,0.0,0.0,0.0,0.0,5.1,63.9,0.5,0.0,0.0,B-Game,11.7,4650.0,14.4,10100.0,14.7,6500.0,11.8,7600.0,11.8,90800.0
2015,1,tateg1,Golden Tate,WR,DET,@SD,9.1,14.2,0.0,0.0,0.0,0.0,0.0,0.3,2.3,0.0,5.1,70.4,0.3,0.0,0.0,B-Game,11.7,4800.0,14.3,10600.0,14.8,6300.0,11.8,7100.0,11.8,98700.0
2015,1,johnsa3,Andre Johnson,WR,IND,@BUF,9.0,14.4,0.0,0.0,0.0,0.0,0.0,0.0,0.0,0.0,5.4,67.6,0.4,0.0,0.0,B-Game,11.8,4650.0,14.5,10550.0,14.9,6100.0,11.8,6900.0,11.8,95900.0
2015,1,marshb1,Brandon Marshall,WR,NYJ,CLE,8.9,13.7,0.0,0.0,0.0,0.0,0.0,0.0,0.0,0.0,4.8,64.4,0.4,0.0,0.0,B-Game,11.3,4650.0,13.8,10250.0,14.2,6600.0,11.4,7400.0,11.4,88300.0
2015,1,boldia1,Anquan Boldin,WR,SF,MIN,8.7,13.9,0.0,0.0,0.0,0.0,0.0,0.0,0.0,0.0,5.2,64.4,0.4,0.0,0.0,B-Game,11.4,4150.0,14.1,9700.0,14.4,6200.0,11.4,6600.0,11.4,86600.0
2015,1,brownj5,John Brown,WR,ARI,NO,8.7,13.1,0.0,0.0,0.0,0.0,0.0,0.0,0.0,0.0,4.5,58.6,0.5,0.0,0.0,B-Game,10.9,4100.0,13.2,10800.0,13.6,4500.0,11.0,6000.0,11.0,66600.0
2015,1,agholn1,Nelson Agholor,WR,PHI,@ATL,8.6,12.7,0.0,0.0,0.0,0.0,0.0,0.3,2.2,0.0,4.0,60.2,0.4,0.0,0.0,B-Game,10.7,3900.0,12.7,9450.0,13.1,5700.0,10.7,5500.0,10.7,51800.0
2015,1,colstm1,Marques Colston,WR,NO,@ARI,8.5,12.5,0.0,0.0,0.0,0.0,0.0,0.0,0.0,0.0,4.0,60.0,0.4,0.0,0.0,B-Game,10.6,4400.0,12.6,9150.0,13.0,6000.0,10.6,5500.0,10.6,76100.0
2015,1,watkis1,Sammy Watkins,WR,BUF,IND,8.5,12.9,0.0,0.0,0.0,0.0,0.0,0.0,0.0,0.0,4.4,59.3,0.4,0.0,0.0,B-Game,10.8,4700.0,13.0,10150.0,13.4,7000.0,10.8,7600.0,10.8,96700.0
2015,1,johnsc5,Charles Johnson,WR,MIN,@SF,8.5,12.8,0.0,0.0,0.0,0.0,0.0,0.0,0.0,0.0,4.3,64.2,0.4,0.0,0.0,B-Game,10.7,4000.0,12.9,9300.0,13.2,4900.0,10.7,5600.0,10.7,58100.0
2015,1,royale1,Eddie Royal,WR,CHI,GB,8.4,12.9,0.0,0.0,0.0,0.0,0.0,0.0,0.0,0.0,4.4,58.4,0.4,0.0,0.0,B-Game,10.7,4000.0,13.0,6000.0,13.3,3900.0,10.7,5000.0,10.7,68200.0
2015,1,wallam1,Mike Wallace,WR,MIN,@SF,8.4,12.5,0.0,0.0,0.0,0.0,0.0,0.0,0.0,0.0,4.1,62.9,0.4,0.0,0.0,B-Game,10.5,4500.0,12.6,9550.0,13.0,6000.0,10.5,6400.0,10.5,85200.0
2015,1,wheatm1,Markus Wheaton,WR,PIT,@NE,8.4,12.3,0.0,0.0,0.0,0.0,0.0,0.1,0.5,0.0,4.0,60.2,0.4,0.0,0.0,B-Game,10.4,3400.0,12.4,6000.0,12.8,3800.0,10.4,5700.0,10.4,72700.0
2015,1,wrighk1,Kendall Wright,WR,TEN,@TB,8.3,12.7,0.0,0.0,0.0,0.0,0.0,0.5,4.2,0.0,4.4,49.2,0.5,0.0,0.0,B-Game,10.6,4200.0,12.9,8900.0,13.2,5100.0,10.7,5800.0,10.7,70000.0
2015,1,deckee1,Eric Decker,WR,NYJ,CLE,8.3,12.9,0.0,0.0,0.0,0.0,0.0,0.0,0.0,0.0,4.6,62.2,0.4,0.0,0.0,B-Game,10.6,4500.0,13.0,9800.0,13.3,6000.0,10.7,6000.0,10.7,79100.0
2015,1,johnss1,Stevie Johnson,WR,SD,DET,8.1,12.3,0.0,0.0,0.0,0.0,0.0,0.0,0.0,0.0,4.3,52.7,0.5,0.0,0.0,B-Game,10.3,3900.0,12.4,7400.0,12.7,3700.0,10.3,4700.0,10.3,52300.0
2015,1,garcop1,Pierre Garcon,WR,WAS,MIA,7.9,12.5,0.0,0.0,0.0,0.0,0.0,0.0,0.0,0.0,4.6,59.1,0.4,0.0,0.0,C-Game,10.3,4500.0,12.6,7950.0,13.0,5200.0,10.3,5500.0,10.3,74900.0
2015,1,randlr1,Rueben Randle,WR,NYG,@DAL,7.8,12.0,0.0,0.0,0.0,0.0,0.0,0.0,0.0,0.0,4.2,64.0,0.2,0.0,0.0,C-Game,9.9,4000.0,12.1,6550.0,12.4,5100.0,10.0,5300.0,10.0,72200.0
2015,1,smitht7,Torrey Smith,WR,SF,MIN,7.5,10.3,0.0,0.0,0.0,0.0,0.0,0.0,0.0,0.0,2.9,48.6,0.4,0.0,0.0,C-Game,8.9,4700.0,10.4,9050.0,10.7,5900.0,9.0,6100.0,9.0,79200.0
2015,1,hurnsa1,Allen Hurns,WR,JAX,CAR,7.0,10.5,0.0,0.0,0.0,0.0,0.0,0.0,0.0,0.0,3.5,50.3,0.3,0.0,0.0,C-Game,8.8,3750.0,10.6,6400.0,10.9,4000.0,8.8,4600.0,8.8,60000.0
2015,1,willit3,Terrance Williams,WR,DAL,NYG,6.9,9.2,0.0,0.0,0.0,0.0,0.0,0.0,0.0,0.0,2.2,43.9,0.4,0.0,0.0,C-Game,8.1,4200.0,9.2,7800.0,9.5,4000.0,8.1,5300.0,8.1,58400.0
2015,1,murphl1,Louis Murphy,WR,TB,TEN,6.7,10.4,0.0,0.0,0.0,0.0,0.0,0.0,0.0,0.0,3.7,46.0,0.4,0.0,0.0,C-Game,8.6,3000.0,10.4,6000.0,10.7,3000.0,8.6,5000.0,8.6,43200.0
2015,1,colemb2,Brandon Coleman,WR,NO,@ARI,6.6,9.8,0.0,0.0,0.0,0.0,0.0,0.0,0.0,0.0,3.1,49.5,0.3,0.0,0.0,C-Game,8.2,3000.0,9.8,6000.0,10.1,3000.0,8.2,4500.0,8.2,71000.0
2015,1,amendd1,Danny Amendola,WR,NE,PIT,6.4,10.4,0.0,0.0,0.0,0.0,0.0,0.0,0.0,0.0,4.0,49.4,0.2,0.0,0.0,C-Game,8.4,3900.0,10.4,6000.0,10.7,3700.0,8.4,5600.0,8.4,54100.0
2015,1,jonesm3,Marvin Jones,WR,CIN,@OAK,6.3,9.4,0.0,0.0,0.0,0.0,0.0,0.1,0.7,0.0,3.0,40.8,0.4,0.0,0.0,C-Game,7.9,3500.0,9.4,6450.0,9.7,4200.0,7.9,4500.0,7.9,53100.0
2015,1,brittk1,Kenny Britt,WR,STL,SEA,6.3,9.6,0.0,0.0,0.0,0.0,0.0,0.0,0.0,0.0,3.4,49.9,0.2,0.0,0.0,C-Game,8.0,3750.0,9.7,7350.0,10.0,4800.0,8.0,5400.0,8.0,48400.0
2015,1,baldwd1,Doug Baldwin,WR,SEA,@STL,6.2,10.3,0.0,0.0,0.0,0.0,0.0,0.0,0.0,0.0,4.0,49.9,0.2,0.0,0.0,C-Game,8.3,4000.0,10.4,7700.0,10.7,4600.0,8.3,6100.0,8.3,63200.0
2015,1,floydm3,Michael Floyd,WR,ARI,NO,6.2,9.3,0.0,0.0,0.0,0.0,0.0,0.0,0.0,0.0,3.1,43.0,0.3,0.0,0.0,C-Game,7.8,4300.0,9.4,9300.0,9.6,5800.0,7.8,6100.0,7.8,77500.0
2015,1,funchd1,Devin Funchess,WR,CAR,@JAX,6.2,9.7,0.0,0.0,0.0,0.0,0.0,0.0,0.0,0.0,3.5,43.9,0.3,0.0,0.0,C-Game,8.0,3850.0,9.8,9100.0,10.1,3800.0,8.0,4600.0,8.0,73600.0
2015,1,aikenk1,Kamar Aiken,WR,BAL,@DEN,6.1,9.1,0.0,0.0,0.0,0.0,0.0,0.0,0.0,0.0,3.0,42.6,0.3,0.0,0.0,C-Game,7.6,3000.0,9.1,6000.0,9.4,3300.0,7.6,4600.0,7.6,33300.0
2015,1,harvip1,Percy Harvin,WR,BUF,IND,5.7,8.2,0.0,0.0,0.0,0.0,0.0,1.2,7.6,0.0,2.6,30.6,0.3,0.0,0.0,C-Game,7.0,4300.0,8.3,6850.0,8.5,4400.0,7.0,5600.0,7.0,64100.0
2015,1,parked1,DeVante Parker,WR,MIA,@WAS,5.6,8.7,0.0,0.0,0.0,0.0,0.0,0.0,0.0,0.0,3.1,40.6,0.3,0.0,0.0,C-Game,7.2,3600.0,8.8,8400.0,9.0,4100.0,7.2,5400.0,7.2,38000.0
2015,1,floydm2,Malcom Floyd,WR,SD,DET,5.5,7.5,0.0,0.0,0.0,0.0,0.0,0.0,0.0,0.0,2.0,39.6,0.3,0.0,0.0,C-Game,6.5,3950.0,7.6,6100.0,7.8,5300.0,6.6,5900.0,6.6,71400.0
2015,1,hawkia1,Andrew Hawkins,WR,CLE,@NYJ,5.5,9.5,0.0,0.0,0.0,0.0,0.0,0.2,1.0,0.0,4.1,45.0,0.2,0.0,0.0,C-Game,7.6,4000.0,9.7,6000.0,9.9,3500.0,7.6,4700.0,7.6,61800.0
2015,1,beaslc1,Cole Beasley,WR,DAL,NYG,5.5,8.2,0.0,0.0,0.0,0.0,0.0,0.0,0.0,0.0,2.7,41.1,0.2,0.0,0.0,C-Game,6.8,3800.0,8.2,6000.0,8.4,3400.0,6.9,5000.0,6.9,39000.0
2015,1,jennig1,Greg Jennings,WR,MIA,@WAS,5.4,8.4,0.0,0.0,0.0,0.0,0.0,0.0,0.0,0.0,3.0,39.3,0.3,0.0,0.0,C-Game,7.0,3700.0,8.5,6000.0,8.7,4300.0,7.0,4900.0,7.0,60300.0
2015,1,hartlb1,Brian Hartline,WR,CLE,@NYJ,5.4,8.6,0.0,0.0,0.0,0.0,0.0,0.0,0.0,0.0,3.2,41.9,0.2,0.0,0.0,C-Game,7.1,3750.0,8.7,6000.0,9.0,3300.0,7.1,4500.0,7.1,40900.0
2015,1,bailes1,Stedman Bailey,WR,STL,SEA,5.4,8.7,0.0,0.0,0.0,0.0,0.0,0.0,0.0,0.0,3.3,44.6,0.2,0.0,0.0,C-Game,7.1,3850.0,8.7,6000.0,9.0,3000.0,7.1,5000.0,7.1,33200.0
2015,1,brownp1,Corey Brown,WR,CAR,@JAX,5.3,8.0,0.0,0.0,0.0,0.0,0.0,0.4,3.7,0.0,2.8,35.5,0.2,0.0,0.0,C-Game,6.7,3000.0,8.1,10250.0,8.3,3000.0,,,6.7,50800.0
2015,1,crabtm1,Michael Crabtree,WR,OAK,CIN,5.3,7.8,0.0,0.0,0.0,0.0,0.0,0.0,0.0,0.0,2.6,36.3,0.3,0.0,0.0,C-Game,6.6,3900.0,7.9,6000.0,8.1,4400.0,6.6,5600.0,6.6,66500.0
2015,1,brownm2,Marlon Brown,WR,BAL,@DEN,5.0,7.5,0.0,0.0,0.0,0.0,0.0,0.0,0.0,0.0,2.5,34.6,0.3,0.0,0.0,C-Game,6.3,3800.0,7.5,6000.0,7.8,3000.0,6.3,4500.0,6.3,43500.0
2015,1,stillk1,Kenny Stills,WR,MIA,@WAS,5.0,7.1,0.0,0.0,0.0,0.0,0.0,0.0,0.0,0.0,2.1,35.2,0.2,0.0,0.0,C-Game,6.0,4200.0,7.1,7800.0,7.3,4700.0,6.1,5400.0,6.1,70800.0
2015,1,shortc1,Cecil Shorts,WR,HOU,KC,4.9,8.0,0.0,0.0,0.0,0.0,0.0,0.0,0.0,0.0,3.1,35.6,0.2,0.0,0.0,C-Game,6.5,4200.0,8.1,6000.0,8.3,3600.0,6.6,5400.0,6.6,51200.0
2015,1,dorsep1,Phillip Dorsett,WR,IND,@BUF,4.9,6.8,0.0,0.0,0.0,0.0,0.0,0.0,0.0,0.0,1.9,31.0,0.3,0.0,0.0,C-Game,5.9,3500.0,6.8,6000.0,7.0,3600.0,5.9,4600.0,5.9,40200.0
2015,1,gabrit1,Taylor Gabriel,WR,CLE,@NYJ,4.7,7.1,0.0,0.0,0.0,0.0,0.0,0.0,0.0,0.0,2.4,34.7,0.2,0.0,0.0,C-Game,5.9,3500.0,7.1,6000.0,7.3,3000.0,5.9,4500.0,5.9,40100.0
2015,1,washin1,Nate Washington,WR,HOU,KC,4.6,7.3,0.0,0.0,0.0,0.0,0.0,0.0,0.0,0.0,2.6,33.4,0.2,0.0,0.0,C-Game,6.0,3500.0,7.3,6000.0,7.5,3000.0,6.0,4500.0,6.0,39500.0
2015,1,austit2,Tavon Austin,WR,STL,SEA,4.5,7.4,0.0,0.0,0.0,0.0,0.0,1.0,5.3,0.1,2.9,29.8,0.1,0.0,0.0,C-Game,6.0,3700.0,7.5,6000.0,7.7,3300.0,6.1,4700.0,6.1,44200.0
2015,1,latimc1,Cody Latimer,WR,DEN,BAL,4.5,6.5,0.0,0.0,0.0,0.0,0.0,0.0,0.0,0.0,2.0,31.4,0.2,0.0,0.0,C-Game,5.6,3800.0,6.6,6000.0,6.8,3700.0,5.6,4900.0,5.6,44400.0
2015,1,woodsr1,Robert Woods,WR,BUF,IND,4.4,6.8,0.0,0.0,0.0,0.0,0.0,0.0,0.0,0.0,2.5,31.6,0.2,0.0,0.0,C-Game,5.6,3900.0,6.9,6000.0,7.1,3500.0,5.7,5400.0,5.7,60200.0
2015,1,kearsj1,Jermaine Kearse,WR,SEA,@STL,4.1,6.5,0.0,0.0,0.0,0.0,0.0,0.0,0.0,0.0,2.4,34.4,0.1,0.0,0.0,C-Game,5.3,3700.0,6.5,6000.0,6.7,3700.0,5.3,5300.0,5.3,48900.0
2015,1,huntej1,Justin Hunter,WR,TEN,@TB,4.0,5.9,0.0,0.0,0.0,0.0,0.0,0.0,0.0,0.0,1.9,28.0,0.2,0.0,0.0,C-Game,5.0,3800.0,6.0,6000.0,6.1,4200.0,5.0,4700.0,5.0,54500.0
2015,1,wrighj2,Jarius Wright,WR,MIN,@SF,4.0,6.4,0.0,0.0,0.0,0.0,0.0,0.2,2.6,0.0,2.4,31.5,0.1,0.0,0.0,C-Game,5.2,3500.0,6.4,6000.0,6.6,3000.0,5.2,5300.0,5.2,51400.0
2015,1,parkep1,Preston Parker,WR,NYG,@DAL,4.0,6.0,0.0,0.0,0.0,0.0,0.0,0.0,0.0,0.0,2.0,26.8,0.2,0.0,0.0,C-Game,5.0,3500.0,6.0,6000.0,6.1,3000.0,5.0,4600.0,5.0,34900.0
2015,1,wilsom1,Marquess Wilson,WR,CHI,GB,4.0,6.1,0.0,0.0,0.0,0.0,0.0,0.0,0.0,0.0,2.2,27.3,0.2,0.0,0.0,C-Game,5.0,3500.0,6.1,6000.0,6.3,3500.0,5.1,4500.0,5.1,34500.0
2015,1,robera1,Andre Roberts,WR,WAS,MIA,3.9,6.9,0.0,0.0,0.0,0.0,0.0,0.1,1.0,0.0,2.9,31.5,0.1,0.0,0.0,C-Game,5.4,3400.0,6.9,6000.0,7.1,3200.0,5.5,4500.0,5.5,33300.0
2015,1,campam1,Michael Campanaro,WR,BAL,@DEN,3.8,6.3,0.0,0.0,0.0,0.0,0.0,0.0,0.0,0.0,2.5,26.6,0.2,0.0,0.0,C-Game,5.1,3000.0,6.4,6000.0,6.5,3000.0,5.1,4500.0,5.1,35800.0
2015,1,ginnt1,Ted Ginn,WR,CAR,@JAX,3.7,5.5,0.0,0.0,0.0,0.0,0.0,0.0,0.0,0.0,1.8,26.1,0.2,0.0,0.0,C-Game,4.6,3500.0,5.5,6000.0,5.7,3000.0,4.7,4500.0,4.7,30000.0
2015,1,hankel1,Leonard Hankerson,WR,ATL,PHI,3.7,5.3,0.0,0.0,0.0,0.0,0.0,0.0,0.0,0.0,1.7,25.5,0.2,0.0,0.0,C-Game,4.5,3000.0,5.4,6000.0,5.5,3000.0,4.5,4500.0,4.5,41300.0
2015,1,heywad1,Darrius Heyward-Bey,WR,PIT,@NE,3.7,5.6,0.0,0.0,0.0,0.0,0.0,0.0,0.0,0.0,2.0,26.4,0.2,0.0,0.0,C-Game,4.7,3000.0,5.7,6000.0,5.8,3000.0,4.7,4500.0,4.7,30000.0
2015,1,strear1,Rod Streater,WR,OAK,CIN,3.6,5.4,0.0,0.0,0.0,0.0,0.0,0.0,0.0,0.0,1.8,24.2,0.2,0.0,0.0,C-Game,4.5,3400.0,5.5,6000.0,5.6,3000.0,4.6,4500.0,4.6,30000.0
2015,1,janisj1,Jeff Janis,WR,GB,@CHI,3.6,4.8,0.0,0.0,0.0,0.0,0.0,0.0,0.0,0.0,1.3,22.9,0.2,0.0,0.0,C-Game,4.2,3000.0,4.9,6000.0,5.0,3000.0,4.2,4500.0,4.2,30000.0
2015,1,douglh1,Harry Douglas,WR,TEN,@TB,3.5,5.9,0.0,0.0,0.0,0.0,0.0,0.0,0.0,0.0,2.4,26.8,0.1,0.0,0.0,C-Game,4.7,3650.0,6.0,6000.0,6.1,3000.0,4.8,4600.0,4.8,64000.0
2015,1,greend1,Dorial Green-Beckham,WR,TEN,@TB,3.5,5.3,0.0,0.0,0.0,0.0,0.0,0.0,0.0,0.0,1.8,24.6,0.2,0.0,0.0,C-Game,4.4,3500.0,5.3,6000.0,5.5,3900.0,4.4,5100.0,4.4,37900.0
2015,1,conlec1,Chris Conley,WR,KC,@HOU,3.4,5.1,0.0,0.0,0.0,0.0,0.0,0.0,0.0,0.0,1.7,26.8,0.1,0.0,0.0,C-Game,4.3,3500.0,5.1,6000.0,5.3,3800.0,4.3,4500.0,4.3,30000.0
2015,1,huffj1,Josh Huff,WR,PHI,@ATL,3.3,4.8,0.0,0.0,0.0,0.0,0.0,0.2,1.3,0.0,1.5,22.9,0.2,0.0,0.0,C-Game,4.1,3000.0,4.8,6000.0,5.0,3000.0,4.1,4500.0,4.1,30000.0
2015,1,montgt1,Ty Montgomery,WR,GB,@CHI,3.1,4.6,0.0,0.0,0.0,0.0,0.0,0.0,0.0,0.0,1.5,20.1,0.2,0.0,0.0,C-Game,3.8,3500.0,4.6,6000.0,4.7,3000.0,3.9,5000.0,3.9,30000.0
2015,1,smithd1,Devin Smith,WR,NYJ,CLE,3.0,4.5,0.0,0.0,0.0,0.0,0.0,0.0,0.0,0.0,1.5,22.2,0.1,0.0,0.0,C-Game,3.8,3000.0,4.5,6000.0,4.7,3000.0,3.8,4800.0,3.8,30000.0
2015,1,jonesj5,James Jones,WR,GB,@CHI,3.0,4.4,0.0,0.0,0.0,0.0,0.0,0.0,0.0,0.0,1.4,18.6,0.2,0.0,0.0,C-Game,3.7,4150.0,4.4,6000.0,4.5,4200.0,3.7,4500.0,,
2015,1,bellk3,Kenny Bell,WR,TB,TEN,2.9,4.5,0.0,0.0,0.0,0.0,0.0,0.0,0.0,0.0,1.6,19.7,0.2,0.0,0.0,C-Game,3.7,3000.0,4.5,6000.0,4.7,3000.0,3.7,4700.0,3.7,30000.0
2015,1,cotchj1,Jerricho Cotchery,WR,CAR,@JAX,2.9,4.9,0.0,0.0,0.0,0.0,0.0,0.0,0.0,0.0,2.1,19.9,0.2,0.0,0.0,C-Game,3.9,3500.0,5.0,6000.0,5.1,3000.0,4.0,4600.0,4.0,58300.0
2015,1,greenr1,Rashad Greene,WR,JAX,CAR,2.9,4.4,0.0,0.0,0.0,0.0,0.0,0.0,0.0,0.0,1.6,22.1,0.1,0.0,0.0,C-Game,3.7,3000.0,4.5,6000.0,4.6,3000.0,3.7,4500.0,3.7,30000.0
2015,1,moncrd1,Donte Moncrief,WR,IND,@BUF,2.9,4.1,0.0,0.0,0.0,0.0,0.0,0.3,1.1,0.0,1.2,16.9,0.2,0.0,0.0,C-Game,3.5,3350.0,4.1,6000.0,4.2,3000.0,3.5,4800.0,3.5,41000.0
2015,1,hardyj2,Justin Hardy,WR,ATL,PHI,2.8,4.1,0.0,0.0,0.0,0.0,0.0,0.0,0.0,0.0,1.3,18.4,0.2,0.0,0.0,C-Game,3.4,3500.0,4.1,6000.0,4.2,3000.0,3.4,4900.0,3.4,30000.0
2015,1,holmea1,Andre Holmes,WR,OAK,CIN,2.7,3.9,0.0,0.0,0.0,0.0,0.0,0.0,0.0,0.0,1.2,18.2,0.1,0.0,0.0,C-Game,3.3,3500.0,3.9,6000.0,4.0,3000.0,3.3,5200.0,3.3,52900.0
2015,1,dobsoa1,Aaron Dobson,WR,NE,PIT,2.7,4.1,0.0,0.0,0.0,0.0,0.0,0.0,0.0,0.0,1.4,17.2,0.2,0.0,0.0,C-Game,3.4,3000.0,4.1,6000.0,4.2,3000.0,3.4,4500.0,3.4,30000.0
2015,1,hoganc1,Chris Hogan,WR,BUF,IND,2.6,4.0,0.0,0.0,0.0,0.0,0.0,0.0,0.0,0.0,1.4,17.8,0.1,0.0,0.0,C-Game,3.3,3000.0,4.0,6000.0,4.1,3000.0,3.3,4700.0,3.3,43100.0
2015,1,brownj4,Jaron Brown,WR,ARI,NO,2.6,4.0,0.0,0.0,0.0,0.0,0.0,0.0,0.0,0.0,1.4,18.2,0.1,0.0,0.0,C-Game,3.3,3650.0,4.0,6000.0,4.1,3000.0,3.3,5000.0,3.3,30000.0
2015,1,benjat1,Travis Benjamin,WR,CLE,@NYJ,2.4,3.8,0.0,0.0,0.0,0.0,0.0,0.1,0.5,0.0,1.4,18.4,0.1,0.0,0.0,C-Game,3.1,3300.0,3.8,6000.0,3.9,3000.0,3.1,4600.0,3.1,30000.0
2015,1,pattoq1,Quinton Patton,WR,SF,MIN,2.4,3.6,0.0,0.0,0.0,0.0,0.0,0.0,0.0,0.0,1.2,15.8,0.1,0.0,0.0,C-Game,3.0,3000.0,3.6,6000.0,3.7,3000.0,3.0,4500.0,3.0,30000.0
2015,1,coates1,Sammie Coates,WR,PIT,@NE,2.4,3.8,0.0,0.0,0.0,0.0,0.0,0.0,0.0,0.0,1.4,17.6,0.1,0.0,0.0,C-Game,3.1,3500.0,3.8,6000.0,3.9,3000.0,3.1,5100.0,3.1,30800.0
2015,1,harrid1,Dwayne Harris,WR,NYG,@DAL,2.3,3.5,0.0,0.0,0.0,0.0,0.0,0.0,0.0,0.0,1.2,17.9,0.1,0.0,0.0,C-Game,2.9,3000.0,3.5,6000.0,3.6,3000.0,2.9,4500.0,2.9,30000.0
2015,1,pattec1,Cordarrelle Patterson,WR,MIN,@SF,2.2,3.3,0.0,0.0,0.0,0.0,0.0,0.4,4.0,0.0,1.1,15.7,0.0,0.0,0.0,C-Game,2.7,3950.0,3.3,6000.0,3.4,3000.0,2.8,4900.0,2.8,38000.0
2015,1,benna1,Arrelious Benn,WR,JAX,CAR,2.1,3.2,0.0,0.0,0.0,0.0,0.0,0.0,0.0,0.0,1.0,15.9,0.1,0.0,0.0,C-Game,2.6,3000.0,,,3.3,3000.0,,,2.7,30000.0
2015,1,stronj1,Jaelen Strong,WR,HOU,KC,2.1,3.0,0.0,0.0,0.0,0.0,0.0,0.0,0.0,0.0,1.0,14.5,0.1,0.0,0.0,C-Game,2.6,3700.0,3.0,6000.0,3.1,3800.0,2.6,5300.0,2.6,47200.0
2015,1,jonesj4,Jacoby Jones,WR,SD,DET,2.0,2.7,0.0,0.0,0.0,0.0,0.0,0.2,1.2,0.0,0.7,13.2,0.1,0.0,0.0,C-Game,2.4,3500.0,2.7,6000.0,2.8,3000.0,2.4,4500.0,2.4,30800.0
2015,1,wilsoa1,Albert Wilson,WR,KC,@HOU,2.0,3.1,0.0,0.0,0.0,0.0,0.0,0.0,0.0,0.0,1.1,15.8,0.1,0.0,0.0,C-Game,2.5,3000.0,3.1,6000.0,3.2,3000.0,2.6,4500.0,2.6,30000.0
2015,1,givenc1,Chris Givens,WR,STL,SEA,1.9,3.3,0.0,0.0,0.0,0.0,0.0,0.0,0.0,0.0,1.4,14.9,0.1,0.0,0.0,C-Game,2.6,3300.0,3.3,6000.0,3.4,3000.0,2.6,4700.0,2.6,31400.0
2015,1,sanum1,Mohamed Sanu,WR,CIN,@OAK,1.8,2.9,0.0,0.0,0.0,0.0,0.0,0.0,0.0,0.0,1.0,13.6,0.1,0.0,0.0,C-Game,2.4,4000.0,2.9,6000.0,3.0,3300.0,2.4,5200.0,2.4,69500.0
2015,1,fullec1,Corey Fuller,WR,DET,@SD,1.8,3.0,0.0,0.0,0.0,0.0,0.0,0.0,0.0,0.0,1.2,13.3,0.1,0.0,0.0,C-Game,2.4,3000.0,3.0,6000.0,3.1,3000.0,2.4,4500.0,2.4,30000.0
2015,1,cooper1,Riley Cooper,WR,PHI,@ATL,1.6,2.6,0.0,0.0,0.0,0.0,0.0,0.0,0.0,0.0,1.0,11.5,0.1,0.0,0.0,C-Game,2.1,3800.0,2.6,6000.0,2.7,3000.0,2.1,4900.0,2.1,55200.0
2015,1,matthc1,Chris Matthews,WR,SEA,@STL,1.6,2.5,0.0,0.0,0.0,0.0,0.0,0.0,0.0,0.0,0.9,11.1,0.1,0.0,0.0,C-Game,2.1,3500.0,2.5,6000.0,2.6,3000.0,2.1,4500.0,2.1,30000.0
2015,1,locker1,Ricardo Lockette,WR,SEA,@STL,1.5,2.2,0.0,0.0,0.0,0.0,0.0,0.0,0.0,0.0,0.7,10.0,0.1,0.0,0.0,C-Game,1.9,3500.0,2.2,6000.0,2.3,3000.0,1.9,4600.0,1.9,30000.0
2015,1,grantr3,Ryan Grant,WR,WAS,MIA,1.4,2.6,0.0,0.0,0.0,0.0,0.0,0.0,0.0,0.0,1.1,12.6,0.0,0.0,0.0,C-Game,2.0,3000.0,2.6,6000.0,2.7,3000.0,2.0,4500.0,2.0,30000.0
2015,1,enunwq1,Quincy Enunwa,WR,NYJ,CLE,1.4,2.4,0.0,0.0,0.0,0.0,0.0,0.0,0.0,0.0,1.0,11.1,0.1,0.0,0.0,C-Game,1.9,3000.0,2.4,6000.0,2.5,3000.0,1.9,4500.0,1.9,30000.0
2015,1,thomad7,DeAnthony Thomas,WR,KC,@HOU,1.4,3.0,0.0,0.0,0.0,0.0,0.0,0.3,1.7,0.0,1.6,9.7,0.0,0.0,0.0,C-Game,,,3.1,6000.0,3.1,3000.0,,,,
2015,1,mariam1,Marc Mariani,WR,CHI,GB,1.3,2.5,0.0,0.0,0.0,0.0,0.0,0.0,0.0,0.0,1.1,9.9,0.1,0.0,0.0,C-Game,1.9,3000.0,2.5,6000.0,2.5,3000.0,1.9,4500.0,1.9,30000.0
2015,1,locket1,Tyler Lockett,WR,SEA,@STL,1.3,1.9,0.0,0.0,0.0,0.0,0.0,0.0,0.0,0.0,0.6,8.9,0.1,0.0,0.0,C-Game,1.6,3500.0,1.9,6000.0,2.0,3000.0,1.6,4800.0,1.6,30000.0
2015,1,ellinb1,Bruce Ellington,WR,SF,MIN,1.3,1.9,0.0,0.0,0.0,0.0,0.0,0.3,1.2,0.0,0.6,7.4,0.1,0.0,0.0,C-Game,1.6,3000.0,1.9,6000.0,2.0,3000.0,1.6,4500.0,1.6,30000.0
2015,1,caldwa1,Andre Caldwell,WR,DEN,BAL,1.2,1.9,0.0,0.0,0.0,0.0,0.0,0.0,0.0,0.0,0.7,8.6,0.1,0.0,0.0,C-Game,1.5,3500.0,1.9,6000.0,2.0,3300.0,1.5,4500.0,1.5,30000.0
2015,1,inmand1,Dontrelle Inman,WR,SD,DET,1.1,1.7,0.0,0.0,0.0,0.0,0.0,0.0,0.0,0.0,0.6,7.9,0.1,0.0,0.0,C-Game,1.4,3000.0,1.7,6000.0,1.8,3000.0,1.4,4600.0,1.4,39600.0
2015,1,nelsoj2,J.J. Nelson,WR,ARI,NO,1.1,1.8,0.0,0.0,0.0,0.0,0.0,0.0,0.0,0.0,0.7,7.8,0.1,0.0,0.0,C-Game,1.5,3500.0,1.8,6000.0,1.9,3000.0,,,1.5,30000.0
2015,1,kerlej1,Jeremy Kerley,WR,NYJ,CLE,1.1,1.7,0.0,0.0,0.0,0.0,0.0,0.3,2.3,0.0,0.6,6.7,0.0,0.0,0.0,C-Game,1.4,3500.0,1.7,6000.0,1.8,3000.0,1.4,4500.0,1.4,37100.0
2015,1,tannea2,Andy Tanner,WR,NO,@ARI,1.0,1.7,0.0,0.0,0.0,0.0,0.0,0.0,0.0,0.0,0.6,10.5,0.0,0.0,0.0,C-Game,1.4,3000.0,,,1.7,3000.0,1.4,4500.0,1.4,30000.0
2015,1,avantj1,Jason Avant,WR,KC,@HOU,1.0,1.6,0.0,0.0,0.0,0.0,0.0,0.0,0.0,0.0,0.6,8.5,0.0,0.0,0.0,C-Game,1.3,3500.0,1.6,6000.0,1.7,3000.0,1.3,4600.0,1.3,31000.0
2015,1,butleb1,Brice Butler,WR,OAK,CIN,0.9,1.3,0.0,0.0,0.0,0.0,0.0,0.0,0.0,0.0,0.4,6.1,0.0,0.0,0.0,C-Game,1.1,3500.0,1.3,6000.0,1.4,3000.0,1.1,4600.0,1.1,33700.0
