Season,Week,PID,Player,Pos,Team,Opp,FFPts,FFPtsPPR,Pass Comp,Pass Att,Pass Yds,Pass TD,INT,Rush Att,Rush Yds,Rush TD,Rec,Rec Yds,Rec TD,XP,FG,Grade
2015,2,vinata1,Adam Vinatieri,K,IND,NYJ,9.2,9.2,0.0,0.0,0.0,0.0,0.0,0.0,0.0,0.0,0.0,0.0,0.0,3.0,2.1,A-Game
2015,2,parkec1,Cody Parkey,K,PHI,DAL,8.9,8.9,0.0,0.0,0.0,0.0,0.0,0.0,0.0,0.0,0.0,0.0,0.0,3.4,1.8,A-Game
2015,2,bailed1,Dan Bailey,K,DAL,@PHI,8.7,8.7,0.0,0.0,0.0,0.0,0.0,0.0,0.0,0.0,0.0,0.0,0.0,2.8,2.0,A-Game
2015,2,tuckej1,Justin Tucker,K,BAL,@OAK,8.7,8.7,0.0,0.0,0.0,0.0,0.0,0.0,0.0,0.0,0.0,0.0,0.0,2.8,2.0,A-Game
2015,2,crosbm1,Mason Crosby,K,GB,SEA,8.6,8.6,0.0,0.0,0.0,0.0,0.0,0.0,0.0,0.0,0.0,0.0,0.0,2.9,1.9,A-Game
2015,2,gostks1,Stephen Gostkowski,K,NE,@BUF,8.6,8.6,0.0,0.0,0.0,0.0,0.0,0.0,0.0,0.0,0.0,0.0,0.0,2.5,2.0,A-Game
2015,2,catanc1,Chandler Catanzaro,K,ARI,@CHI,8.6,8.6,0.0,0.0,0.0,0.0,0.0,0.0,0.0,0.0,0.0,0.0,0.0,2.6,2.0,A-Game
2015,2,bryanm1,Matt Bryant,K,ATL,@NYG,8.5,8.5,0.0,0.0,0.0,0.0,0.0,0.0,0.0,0.0,0.0,0.0,0.0,2.7,1.9,A-Game
2015,2,hockez1,Zach Hocker,K,NO,TB,8.5,8.5,0.0,0.0,0.0,0.0,0.0,0.0,0.0,0.0,0.0,0.0,0.0,3.2,1.8,A-Game
2015,2,brownj1,Josh Brown,K,NYG,ATL,8.5,8.5,0.0,0.0,0.0,0.0,0.0,0.0,0.0,0.0,0.0,0.0,0.0,2.9,1.8,A-Game
2015,2,scobej2,Josh Scobee,K,PIT,SF,8.4,8.4,0.0,0.0,0.0,0.0,0.0,0.0,0.0,0.0,0.0,0.0,0.0,2.8,1.9,A-Game
2015,2,mcmanb1,Brandon McManus,K,DEN,@KC,8.4,8.4,0.0,0.0,0.0,0.0,0.0,0.0,0.0,0.0,0.0,0.0,0.0,2.1,2.1,A-Game
2015,2,hauscs1,Steven Hauschka,K,SEA,@GB,8.3,8.3,0.0,0.0,0.0,0.0,0.0,0.0,0.0,0.0,0.0,0.0,0.0,2.5,1.9,A-Game
2015,2,nugenm1,Mike Nugent,K,CIN,SD,8.2,8.2,0.0,0.0,0.0,0.0,0.0,0.0,0.0,0.0,0.0,0.0,0.0,2.7,1.8,A-Game
2015,2,walshb1,Blair Walsh,K,MIN,DET,8.1,8.1,0.0,0.0,0.0,0.0,0.0,0.0,0.0,0.0,0.0,0.0,0.0,2.5,1.9,A-Game
2015,2,franka1,Andrew Franks,K,MIA,@JAX,8.0,8.0,0.0,0.0,0.0,0.0,0.0,0.0,0.0,0.0,0.0,0.0,0.0,2.6,1.8,A-Game
2015,2,carped2,Dan Carpenter,K,BUF,NE,7.9,7.9,0.0,0.0,0.0,0.0,0.0,0.0,0.0,0.0,0.0,0.0,0.0,2.4,1.8,A-Game
2015,2,lamboj1,Josh Lambo,K,SD,@CIN,7.8,7.8,0.0,0.0,0.0,0.0,0.0,0.0,0.0,0.0,0.0,0.0,0.0,2.3,1.8,A-Game
2015,2,pratem1,Matt Prater,K,DET,@MIN,7.7,7.7,0.0,0.0,0.0,0.0,0.0,0.0,0.0,0.0,0.0,0.0,0.0,2.2,1.8,B-Game
2015,2,santoc1,Cairo Santos,K,KC,DEN,7.7,7.7,0.0,0.0,0.0,0.0,0.0,0.0,0.0,0.0,0.0,0.0,0.0,2.5,1.7,B-Game
2015,2,zuerlg1,Greg Zuerlein,K,STL,@WAS,7.7,7.7,0.0,0.0,0.0,0.0,0.0,0.0,0.0,0.0,0.0,0.0,0.0,2.5,1.7,B-Game
2015,2,gouldr1,Robbie Gould,K,CHI,ARI,7.6,7.6,0.0,0.0,0.0,0.0,0.0,0.0,0.0,0.0,0.0,0.0,0.0,2.3,1.8,B-Game
2015,2,ganog1,Graham Gano,K,CAR,HOU,7.4,7.4,0.0,0.0,0.0,0.0,0.0,0.0,0.0,0.0,0.0,0.0,0.0,2.4,1.7,B-Game
2015,2,succor1,Ryan Succop,K,TEN,@CLE,7.2,7.2,0.0,0.0,0.0,0.0,0.0,0.0,0.0,0.0,0.0,0.0,0.0,2.3,1.6,B-Game
2015,2,dawsop1,Phil Dawson,K,SF,@PIT,7.2,7.2,0.0,0.0,0.0,0.0,0.0,0.0,0.0,0.0,0.0,0.0,0.0,2.0,1.7,B-Game
2015,2,coonst1,Travis Coons,K,CLE,TEN,7.1,7.1,0.0,0.0,0.0,0.0,0.0,0.0,0.0,0.0,0.0,0.0,0.0,2.2,1.6,B-Game
2015,2,folkn1,Nick Folk,K,NYJ,@IND,7.0,7.0,0.0,0.0,0.0,0.0,0.0,0.0,0.0,0.0,0.0,0.0,0.0,2.2,1.6,B-Game
2015,2,forbak1,Kai Forbath,K,WAS,STL,6.7,6.7,0.0,0.0,0.0,0.0,0.0,0.0,0.0,0.0,0.0,0.0,0.0,2.1,1.5,B-Game
2015,2,brindk1,Kyle Brindza,K,TB,@NO,6.6,6.6,0.0,0.0,0.0,0.0,0.0,0.0,0.0,0.0,0.0,0.0,0.0,2.0,1.5,B-Game
2015,2,bullor1,Randy Bullock,K,HOU,@CAR,6.6,6.6,0.0,0.0,0.0,0.0,0.0,0.0,0.0,0.0,0.0,0.0,0.0,2.0,1.5,B-Game
2015,2,myersj1,Jason Myers,K,JAX,MIA,6.3,6.3,0.0,0.0,0.0,0.0,0.0,0.0,0.0,0.0,0.0,0.0,0.0,1.9,1.5,B-Game
2015,2,janiks1,Sebastian Janikowski,K,OAK,BAL,5.8,5.8,0.0,0.0,0.0,0.0,0.0,0.0,0.0,0.0,0.0,0.0,0.0,1.7,1.4,C-Game
2015,2,breesd1,Drew Brees,QB,NO,TB,20.6,20.6,25.2,37.9,303.3,2.6,1.0,1.3,3.8,0.0,0.0,0.0,0.0,0.0,0.0,A-Game
2015,2,lucka1,Andrew Luck,QB,IND,NYJ,20.2,20.2,23.2,37.0,254.1,2.4,0.9,4.5,17.6,0.1,0.0,0.0,0.0,0.0,0.0,A-Game
2015,2,rodgea1,Aaron Rodgers,QB,GB,SEA,19.9,19.9,21.5,32.2,254.8,2.2,0.5,3.1,18.4,0.1,0.0,0.0,0.0,0.0,0.0,A-Game
2015,2,romot1,Tony Romo,QB,DAL,@PHI,19.6,19.6,24.1,37.3,294.5,2.4,0.8,0.9,2.7,0.0,0.0,0.0,0.0,0.0,0.0,A-Game
2015,2,ryanm1,Matt Ryan,QB,ATL,@NYG,19.3,19.3,22.7,35.6,276.0,2.3,0.9,2.1,11.0,0.0,0.0,0.0,0.0,0.0,0.0,A-Game
2015,2,wilsor1,Russell Wilson,QB,SEA,@GB,18.6,18.6,21.0,33.8,236.9,1.6,0.7,5.3,36.9,0.2,0.0,0.0,0.0,0.0,0.0,A-Game
2015,2,palmec1,Carson Palmer,QB,ARI,@CHI,17.7,17.7,22.2,35.1,286.5,2.0,1.1,1.6,5.6,0.0,0.0,0.0,0.0,0.0,0.0,A-Game
2015,2,bradfs1,Sam Bradford,QB,PHI,DAL,17.5,17.5,25.9,38.4,312.1,1.6,0.8,1.3,3.5,0.1,0.0,0.0,0.0,0.0,0.0,A-Game
2015,2,roethb1,Ben Roethlisberger,QB,PIT,SF,17.5,17.5,22.7,35.4,286.6,2.0,0.9,0.5,1.3,0.0,0.0,0.0,0.0,0.0,0.0,A-Game
2015,2,mannie1,Eli Manning,QB,NYG,ATL,17.5,17.5,22.0,34.1,284.0,1.9,0.8,0.6,2.3,0.0,0.0,0.0,0.0,0.0,0.0,A-Game
2015,2,tanner1,Ryan Tannehill,QB,MIA,@JAX,17.4,17.4,22.8,35.8,270.9,1.7,0.9,3.5,15.1,0.1,0.0,0.0,0.0,0.0,0.0,A-Game
2015,2,bradyt1,Tom Brady,QB,NE,@BUF,17.1,17.1,22.9,36.3,263.2,2.1,0.7,1.0,2.5,0.0,0.0,0.0,0.0,0.0,0.0,A-Game
2015,2,riverp1,Philip Rivers,QB,SD,@CIN,16.6,16.6,22.8,36.6,312.8,1.5,1.0,1.0,3.9,0.0,0.0,0.0,0.0,0.0,0.0,A-Game
2015,2,bridgt1,Teddy Bridgewater,QB,MIN,DET,16.2,16.2,22.9,36.0,253.4,1.7,1.1,2.5,13.1,0.1,0.0,0.0,0.0,0.0,0.0,B-Game
2015,2,newtoc1,Cam Newton,QB,CAR,HOU,16.2,16.2,20.0,32.6,201.2,1.4,1.0,7.0,30.7,0.3,0.0,0.0,0.0,0.0,0.0,B-Game
2015,2,mannip1,Peyton Manning,QB,DEN,@KC,15.6,15.6,21.0,34.5,271.7,1.7,0.9,0.4,1.1,0.0,0.0,0.0,0.0,0.0,0.0,B-Game
2015,2,staffm1,Matthew Stafford,QB,DET,@MIN,15.6,15.6,22.3,36.0,260.0,1.6,1.0,1.9,7.1,0.1,0.0,0.0,0.0,0.0,0.0,B-Game
2015,2,mariom1,Marcus Mariota,QB,TEN,@CLE,15.6,15.6,20.9,32.6,217.8,1.8,1.0,3.6,17.7,0.1,0.0,0.0,0.0,0.0,0.0,B-Game
2015,2,smitha4,Alex Smith,QB,KC,DEN,15.5,15.5,21.8,34.8,209.6,1.7,0.8,4.5,19.6,0.1,0.0,0.0,0.0,0.0,0.0,B-Game
2015,2,daltoa1,Andy Dalton,QB,CIN,SD,15.5,15.5,20.8,34.3,255.1,1.4,1.1,3.4,10.0,0.2,0.0,0.0,0.0,0.0,0.0,B-Game
2015,2,flaccj1,Joe Flacco,QB,BAL,@OAK,15.4,15.4,19.7,31.6,244.0,1.8,0.9,1.5,3.6,0.1,0.0,0.0,0.0,0.0,0.0,B-Game
2015,2,taylot2,Tyrod Taylor,QB,BUF,NE,15.4,15.4,18.1,29.2,207.9,1.2,1.1,9.6,33.9,0.2,0.0,0.0,0.0,0.0,0.0,B-Game
2015,2,kaepec1,Colin Kaepernick,QB,SF,@PIT,15.2,15.2,15.6,26.0,187.8,1.0,0.5,7.3,41.2,0.2,0.0,0.0,0.0,0.0,0.0,B-Game
2015,2,winstj1,Jameis Winston,QB,TB,@NO,15.2,15.2,20.4,33.9,237.7,1.7,1.2,2.6,15.9,0.0,0.0,0.0,0.0,0.0,0.0,B-Game
2015,2,folesn1,Nick Foles,QB,STL,@WAS,15.2,15.2,23.0,36.5,231.4,1.5,0.9,3.4,12.5,0.2,0.0,0.0,0.0,0.0,0.0,B-Game
2015,2,bortlb1,Blake Bortles,QB,JAX,MIA,14.3,14.3,19.5,32.9,210.7,1.5,1.2,3.2,23.1,0.1,0.0,0.0,0.0,0.0,0.0,B-Game
2015,2,cutlej1,Jay Cutler,QB,CHI,ARI,14.2,14.2,18.3,30.4,230.9,1.5,1.2,2.7,14.2,0.1,0.0,0.0,0.0,0.0,0.0,C-Game
2015,2,fitzpr1,Ryan Fitzpatrick,QB,NYJ,@IND,13.7,13.7,17.8,30.0,236.1,1.2,1.1,3.9,15.4,0.1,0.0,0.0,0.0,0.0,0.0,C-Game
2015,2,manzij1,Johnny Manziel,QB,CLE,TEN,13.7,13.7,19.8,34.0,197.8,1.6,1.7,5.9,26.8,0.1,0.0,0.0,0.0,0.0,0.0,C-Game
2015,2,maller1,Ryan Mallett,QB,HOU,@CAR,13.7,13.7,20.7,35.6,242.3,1.7,1.2,0.9,3.0,0.0,0.0,0.0,0.0,0.0,0.0,C-Game
2015,2,cousik1,Kirk Cousins,QB,WAS,STL,12.2,12.2,16.8,30.2,208.0,1.6,1.6,2.8,8.6,0.0,0.0,0.0,0.0,0.0,0.0,C-Game
2015,2,mcglom1,Matt McGloin,QB,OAK,BAL,11.9,11.9,19.7,35.1,228.0,1.4,1.3,2.4,5.6,0.0,0.0,0.0,0.0,0.0,0.0,C-Game
2015,2,fortem1,Matt Forte,RB,CHI,ARI,15.4,18.5,0.0,0.0,0.0,0.0,0.0,22.5,87.4,0.7,3.1,23.1,0.1,0.0,0.0,A-Game
2015,2,lynchm1,Marshawn Lynch,RB,SEA,@GB,14.1,16.4,0.0,0.0,0.0,0.0,0.0,16.6,76.4,0.6,2.3,18.9,0.2,0.0,0.0,A-Game
2015,2,hillj5,Jeremy Hill,RB,CIN,SD,14.0,15.9,0.0,0.0,0.0,0.0,0.0,16.0,77.2,0.8,1.9,14.0,0.0,0.0,0.0,A-Game
2015,2,murrad1,DeMarco Murray,RB,PHI,DAL,14.0,16.9,0.0,0.0,0.0,0.0,0.0,12.9,55.4,1.1,2.8,18.7,0.1,0.0,0.0,A-Game
2015,2,petera2,Adrian Peterson,RB,MIN,DET,14.0,17.2,0.0,0.0,0.0,0.0,0.0,18.4,71.9,0.6,3.2,27.9,0.1,0.0,0.0,B-Game
2015,2,charlj1,Jamaal Charles,RB,KC,DEN,13.9,18.1,0.0,0.0,0.0,0.0,0.0,15.6,73.9,0.4,4.1,29.3,0.2,0.0,0.0,B-Game
2015,2,hydec1,Carlos Hyde,RB,SF,@PIT,13.8,15.6,0.0,0.0,0.0,0.0,0.0,20.7,88.3,0.7,1.7,11.3,0.0,0.0,0.0,B-Game
2015,2,ivoryc1,Chris Ivory,RB,NYJ,@IND,13.6,15.5,0.0,0.0,0.0,0.0,0.0,17.9,81.0,0.7,1.9,13.0,0.0,0.0,0.0,B-Game
2015,2,lacye1,Eddie Lacy,RB,GB,SEA,13.6,16.2,0.0,0.0,0.0,0.0,0.0,18.4,85.4,0.4,2.6,21.7,0.1,0.0,0.0,B-Game
2015,2,mccoyl2,LeSean McCoy,RB,BUF,NE,13.2,15.8,0.0,0.0,0.0,0.0,0.0,16.3,79.0,0.6,2.5,17.7,0.1,0.0,0.0,B-Game
2015,2,forsej2,Justin Forsett,RB,BAL,@OAK,12.9,16.5,0.0,0.0,0.0,0.0,0.0,15.0,64.2,0.5,3.6,28.1,0.2,0.0,0.0,B-Game
2015,2,millel2,Lamar Miller,RB,MIA,@JAX,12.4,14.3,0.0,0.0,0.0,0.0,0.0,16.7,65.3,0.7,1.9,17.6,0.1,0.0,0.0,B-Game
2015,2,ingram1,Mark Ingram,RB,NO,TB,12.0,16.5,0.0,0.0,0.0,0.0,0.0,13.1,53.0,0.3,4.4,34.9,0.3,0.0,0.0,B-Game
2015,2,willid1,DeAngelo Williams,RB,PIT,SF,11.9,14.5,0.0,0.0,0.0,0.0,0.0,20.8,80.5,0.3,2.5,20.1,0.1,0.0,0.0,B-Game
2015,2,anderc2,C.J. Anderson,RB,DEN,@KC,11.7,14.2,0.0,0.0,0.0,0.0,0.0,16.7,81.4,0.3,2.5,18.5,0.1,0.0,0.0,B-Game
2015,2,stewaj3,Jonathan Stewart,RB,CAR,HOU,11.1,14.5,0.0,0.0,0.0,0.0,0.0,15.1,60.2,0.5,3.4,22.1,0.1,0.0,0.0,B-Game
2015,2,morria1,Alfred Morris,RB,WAS,STL,10.9,11.9,0.0,0.0,0.0,0.0,0.0,19.9,85.0,0.3,1.0,7.3,0.0,0.0,0.0,B-Game
2015,2,abdula1,Ameer Abdullah,RB,DET,@MIN,10.6,13.9,0.0,0.0,0.0,0.0,0.0,13.0,60.3,0.3,3.3,26.0,0.1,0.0,0.0,B-Game
2015,2,randlj1,Joseph Randle,RB,DAL,@PHI,10.6,12.2,0.0,0.0,0.0,0.0,0.0,13.0,74.6,0.3,1.7,11.8,0.1,0.0,0.0,B-Game
2015,2,goref1,Frank Gore,RB,IND,NYJ,10.5,13.9,0.0,0.0,0.0,0.0,0.0,13.9,56.6,0.3,3.4,22.9,0.2,0.0,0.0,B-Game
2015,2,jennir1,Rashad Jennings,RB,NYG,ATL,10.5,12.2,0.0,0.0,0.0,0.0,0.0,13.3,60.7,0.5,1.7,14.2,0.1,0.0,0.0,C-Game
2015,2,cunnib2,Benny Cunningham,RB,STL,@WAS,10.5,14.6,0.0,0.0,0.0,0.0,0.0,15.0,50.0,0.5,4.1,23.1,0.1,0.0,0.0,C-Game
2015,2,murral1,Latavius Murray,RB,OAK,BAL,10.3,13.5,0.0,0.0,0.0,0.0,0.0,14.8,59.7,0.2,3.2,25.1,0.1,0.0,0.0,C-Game
2015,2,woodhd1,Danny Woodhead,RB,SD,@CIN,10.1,13.8,0.0,0.0,0.0,0.0,0.0,11.6,43.4,0.4,3.7,31.3,0.1,0.0,0.0,C-Game
2015,2,sankeb1,Bishop Sankey,RB,TEN,@CLE,10.0,13.2,0.0,0.0,0.0,0.0,0.0,15.2,61.3,0.2,3.2,20.7,0.1,0.0,0.0,C-Game
2015,2,martid2,Doug Martin,RB,TB,@NO,9.9,12.3,0.0,0.0,0.0,0.0,0.0,14.5,69.0,0.2,2.5,17.8,0.1,0.0,0.0,C-Game
2015,2,colemt1,Tevin Coleman,RB,ATL,@NYG,9.9,11.5,0.0,0.0,0.0,0.0,0.0,16.3,72.9,0.2,1.6,11.0,0.1,0.0,0.0,C-Game
2015,2,johnsc4,Chris Johnson,RB,ARI,@CHI,9.8,11.3,0.0,0.0,0.0,0.0,0.0,14.5,61.8,0.4,1.6,11.5,0.1,0.0,0.0,C-Game
2015,2,yeldot1,T.J. Yeldon,RB,JAX,MIA,9.0,11.6,0.0,0.0,0.0,0.0,0.0,16.1,58.3,0.2,2.6,19.0,0.1,0.0,0.0,C-Game
2015,2,bernag1,Giovani Bernard,RB,CIN,SD,8.8,12.4,0.0,0.0,0.0,0.0,0.0,8.4,34.9,0.2,3.6,33.2,0.1,0.0,0.0,C-Game
2015,2,gordom1,Melvin Gordon,RB,SD,@CIN,8.8,10.4,0.0,0.0,0.0,0.0,0.0,12.2,57.2,0.3,1.6,12.5,0.0,0.0,0.0,C-Game
2015,2,crowei1,Isaiah Crowell,RB,CLE,TEN,8.2,9.6,0.0,0.0,0.0,0.0,0.0,13.3,51.5,0.4,1.4,7.9,0.0,0.0,0.0,C-Game
2015,2,johnsd12,David Johnson,RB,ARI,@CHI,8.1,10.3,0.0,0.0,0.0,0.0,0.0,12.0,44.9,0.2,2.2,20.1,0.1,0.0,0.0,C-Game
2015,2,robink3,Khiry Robinson,RB,NO,TB,8.1,10.9,0.0,0.0,0.0,0.0,0.0,9.1,39.6,0.2,2.8,21.2,0.1,0.0,0.0,C-Game
2015,2,sprold1,Darren Sproles,RB,PHI,DAL,7.1,11.5,0.0,0.0,0.0,0.0,0.0,3.2,18.1,0.2,4.4,34.3,0.1,0.0,0.0,C-Game
2015,2,blounl1,LeGarrette Blount,RB,NE,@BUF,6.9,6.9,0.0,0.0,0.0,0.0,0.0,14.4,54.6,0.3,0.0,0.0,0.0,0.0,0.0,C-Game
2015,2,lewisd1,Dion Lewis,RB,NE,@BUF,6.8,10.0,0.0,0.0,0.0,0.0,0.0,8.5,33.7,0.1,3.2,21.1,0.1,0.0,0.0,C-Game
2015,2,mather1,Ryan Mathews,RB,PHI,DAL,6.8,8.8,0.0,0.0,0.0,0.0,0.0,5.5,22.2,0.5,2.1,15.6,0.0,0.0,0.0,C-Game
2015,2,bellj1,Joique Bell,RB,DET,@MIN,6.6,8.4,0.0,0.0,0.0,0.0,0.0,8.1,38.4,0.2,1.9,13.0,0.0,0.0,0.0,C-Game
2015,2,verees1,Shane Vereen,RB,NYG,ATL,6.4,9.8,0.0,0.0,0.0,0.0,0.0,3.3,16.0,0.2,3.4,28.4,0.2,0.0,0.0,C-Game
2015,2,freemd1,Devonta Freeman,RB,ATL,@NYG,6.0,8.8,0.0,0.0,0.0,0.0,0.0,5.5,23.1,0.1,2.7,22.1,0.2,0.0,0.0,C-Game
2015,2,bluea1,Alfred Blue,RB,HOU,@CAR,6.0,7.5,0.0,0.0,0.0,0.0,0.0,12.4,42.0,0.1,1.5,9.7,0.1,0.0,0.0,C-Game
2015,2,powelb1,Bilal Powell,RB,NYJ,@IND,6.0,8.2,0.0,0.0,0.0,0.0,0.0,6.3,30.8,0.2,2.2,16.5,0.1,0.0,0.0,C-Game
2015,2,dunbal1,Lance Dunbar,RB,DAL,@PHI,5.5,9.6,0.0,0.0,0.0,0.0,0.0,1.7,5.3,0.0,4.1,38.3,0.2,0.0,0.0,C-Game
2015,2,allenj2,Javorius Allen,RB,BAL,@OAK,5.3,6.1,0.0,0.0,0.0,0.0,0.0,8.0,24.7,0.3,0.8,7.3,0.1,0.0,0.0,C-Game
2015,2,johnsd11,Duke Johnson,RB,CLE,TEN,5.3,7.7,0.0,0.0,0.0,0.0,0.0,7.4,27.4,0.1,2.4,13.8,0.1,0.0,0.0,C-Game
2015,2,hillmr1,Ronnie Hillman,RB,DEN,@KC,4.7,6.1,0.0,0.0,0.0,0.0,0.0,6.6,28.3,0.1,1.4,12.2,0.1,0.0,0.0,C-Game
2015,2,willia1,Andre Williams,RB,NYG,ATL,4.6,4.8,0.0,0.0,0.0,0.0,0.0,6.8,26.9,0.3,0.2,1.4,0.0,0.0,0.0,C-Game
2015,2,grimej1,Jonathan Grimes,RB,HOU,@CAR,4.6,5.9,0.0,0.0,0.0,0.0,0.0,7.3,31.0,0.1,1.3,8.5,0.0,0.0,0.0,C-Game
2015,2,davisk2,Knile Davis,RB,KC,DEN,4.1,5.2,0.0,0.0,0.0,0.0,0.0,6.4,20.8,0.2,1.1,7.3,0.0,0.0,0.0,C-Game
2015,2,mcfadd1,Darren McFadden,RB,DAL,@PHI,3.9,5.1,0.0,0.0,0.0,0.0,0.0,7.4,24.0,0.1,1.2,8.8,0.0,0.0,0.0,C-Game
2015,2,jonesm4,Matt Jones,RB,WAS,STL,3.9,5.4,0.0,0.0,0.0,0.0,0.0,5.4,21.0,0.1,1.5,10.4,0.1,0.0,0.0,C-Game
2015,2,polkc1,Chris Polk,RB,HOU,@CAR,3.9,4.9,0.0,0.0,0.0,0.0,0.0,6.0,24.0,0.1,1.1,7.3,0.0,0.0,0.0,C-Game
2015,2,simsc1,Charles Sims,RB,TB,@NO,3.8,5.2,0.0,0.0,0.0,0.0,0.0,6.3,23.8,0.1,1.4,10.7,0.0,0.0,0.0,C-Game
2015,2,johnsw1,Will Johnson,RB,PIT,SF,3.7,4.1,0.0,0.0,0.0,0.0,0.0,1.6,4.5,0.5,0.3,2.9,0.0,0.0,0.0,C-Game
2015,2,westt1,Terrance West,RB,TEN,@CLE,3.7,3.7,0.0,0.0,0.0,0.0,0.0,7.4,29.5,0.2,0.0,0.0,0.0,0.0,0.0,C-Game
2015,2,reecem1,Marcel Reece,RB,OAK,BAL,3.6,6.0,0.0,0.0,0.0,0.0,0.0,1.0,3.2,0.0,2.5,22.8,0.2,0.0,0.0,C-Game
2015,2,starkj1,James Starks,RB,GB,SEA,3.4,4.1,0.0,0.0,0.0,0.0,0.0,5.8,22.3,0.1,0.6,5.1,0.0,0.0,0.0,C-Game
2015,2,robinj2,Josh Robinson,RB,IND,NYJ,3.3,4.6,0.0,0.0,0.0,0.0,0.0,5.0,17.6,0.1,1.3,10.2,0.0,0.0,0.0,C-Game
2015,2,mckinj1,Jerick McKinnon,RB,MIN,DET,3.0,4.8,0.0,0.0,0.0,0.0,0.0,2.2,12.0,0.1,1.8,12.7,0.0,0.0,0.0,C-Game
2015,2,willid9,Damien Williams,RB,MIA,@JAX,3.0,3.6,0.0,0.0,0.0,0.0,0.0,5.6,14.2,0.2,0.7,5.4,0.0,0.0,0.0,C-Game
2015,2,robind1,Denard Robinson,RB,JAX,MIA,2.9,4.2,0.0,0.0,0.0,0.0,0.0,3.8,15.8,0.0,1.3,10.5,0.0,0.0,0.0,C-Game
2015,2,willik4,Karlos Williams,RB,BUF,NE,2.8,3.1,0.0,0.0,0.0,0.0,0.0,3.5,15.5,0.2,0.4,2.1,0.0,0.0,0.0,C-Game
2015,2,mcclud1,Dexter McCluster,RB,TEN,@CLE,2.7,5.0,0.0,0.0,0.0,0.0,0.0,2.1,7.1,0.0,2.3,14.2,0.1,0.0,0.0,C-Game
2015,2,jacksf2,Fred Jackson,RB,SEA,@GB,2.6,3.5,0.0,0.0,0.0,0.0,0.0,3.5,13.2,0.1,0.9,7.1,0.0,0.0,0.0,C-Game
2015,2,arched1,Dri Archer,RB,PIT,SF,2.5,4.2,0.0,0.0,0.0,0.0,0.0,1.0,3.6,0.0,1.7,17.2,0.1,0.0,0.0,C-Game
2015,2,tolbem1,Mike Tolbert,RB,CAR,HOU,2.4,3.4,0.0,0.0,0.0,0.0,0.0,4.1,11.0,0.1,1.0,6.0,0.0,0.0,0.0,C-Game
2015,2,haynej1,Jarryd Hayne,RB,SF,@PIT,2.2,3.2,0.0,0.0,0.0,0.0,0.0,3.0,10.3,0.1,0.9,7.5,0.0,0.0,0.0,C-Game
2015,2,peadi1,Isaiah Pead,RB,STL,@WAS,2.2,3.4,0.0,0.0,0.0,0.0,0.0,3.0,8.3,0.1,1.2,6.9,0.0,0.0,0.0,C-Game
2015,2,raineb1,Bobby Rainey,RB,TB,@NO,2.2,3.0,0.0,0.0,0.0,0.0,0.0,2.5,13.4,0.1,0.8,4.8,0.0,0.0,0.0,C-Game
2015,2,gerhat1,Toby Gerhart,RB,JAX,MIA,2.2,3.5,0.0,0.0,0.0,0.0,0.0,2.5,7.9,0.0,1.4,10.5,0.0,0.0,0.0,C-Game
2015,2,riddit1,Theo Riddick,RB,DET,@MIN,1.8,3.4,0.0,0.0,0.0,0.0,0.0,0.3,1.1,0.0,1.5,14.3,0.0,0.0,0.0,C-Game
2015,2,talial1,Lorenzo Taliaferro,RB,BAL,@OAK,1.8,2.0,0.0,0.0,0.0,0.0,0.0,2.9,10.3,0.1,0.2,1.2,0.0,0.0,0.0,C-Game
2015,2,olawaj1,Jamize Olawale,RB,OAK,BAL,1.8,3.1,0.0,0.0,0.0,0.0,0.0,2.7,6.5,0.0,1.4,9.1,0.0,0.0,0.0,C-Game
2015,2,wardt1,Terron Ward,RB,ATL,@NYG,1.6,2.5,0.0,0.0,0.0,0.0,0.0,1.3,5.8,0.0,0.9,6.9,0.0,0.0,0.0,C-Game
2015,2,oliveb1,Branden Oliver,RB,SD,@CIN,1.6,2.3,0.0,0.0,0.0,0.0,0.0,1.2,5.5,0.1,0.7,6.3,0.0,0.0,0.0,C-Game
2015,2,rodgej1,Jacquizz Rodgers,RB,CHI,ARI,1.6,1.9,0.0,0.0,0.0,0.0,0.0,2.7,9.7,0.1,0.4,2.3,0.0,0.0,0.0,C-Game
2015,2,thompc1,Chris Thompson,RB,WAS,STL,1.3,1.9,0.0,0.0,0.0,0.0,0.0,1.6,6.2,0.0,0.6,4.2,0.0,0.0,0.0,C-Game
2015,2,juszck1,Kyle Juszczyk,RB,BAL,@OAK,1.3,2.5,0.0,0.0,0.0,0.0,0.0,0.0,0.0,0.0,1.3,9.8,0.1,0.0,0.0,C-Game
2015,2,milleb3,Bruce Miller,RB,SF,@PIT,1.1,2.1,0.0,0.0,0.0,0.0,0.0,0.0,0.0,0.0,0.9,9.4,0.0,0.0,0.0,C-Game
2015,2,jonest2,Taiwan Jones,RB,OAK,BAL,1.1,1.7,0.0,0.0,0.0,0.0,0.0,2.4,5.6,0.0,0.6,4.6,0.0,0.0,0.0,C-Game
2015,2,dixona1,Anthony Dixon,RB,BUF,NE,1.0,1.0,0.0,0.0,0.0,0.0,0.0,0.6,2.8,0.1,0.0,0.0,0.0,0.0,0.0,C-Game
2015,2,asiatm1,Matt Asiata,RB,MIN,DET,1.0,1.5,0.0,0.0,0.0,0.0,0.0,1.1,4.4,0.0,0.5,2.5,0.0,0.0,0.0,C-Game
2015,2,davism3,Mike Davis,RB,SF,@PIT,1.0,1.0,0.0,0.0,0.0,0.0,0.0,2.1,7.4,0.1,0.0,0.0,0.0,0.0,0.0,C-Game
2015,2,youngd1,Darrel Young,RB,WAS,STL,0.9,1.7,0.0,0.0,0.0,0.0,0.0,0.4,1.2,0.0,0.8,5.2,0.0,0.0,0.0,C-Game
2015,2,vargat1,Tyler Varga,RB,IND,NYJ,0.9,1.6,0.0,0.0,0.0,0.0,0.0,0.8,2.9,0.0,0.7,5.1,0.0,0.0,0.0,C-Game
2015,2,johnsa4,Austin Johnson,RB,NO,TB,0.8,1.3,0.0,0.0,0.0,0.0,0.0,1.1,3.2,0.0,0.5,3.0,0.0,0.0,0.0,C-Game
2015,2,rawlst1,Thomas Rawls,RB,SEA,@GB,0.7,0.7,0.0,0.0,0.0,0.0,0.0,1.4,5.3,0.0,0.0,0.0,0.0,0.0,0.0,C-Game
2015,2,sherma1,Anthony Sherman,RB,KC,DEN,0.7,1.3,0.0,0.0,0.0,0.0,0.0,0.2,0.6,0.0,0.7,4.2,0.0,0.0,0.0,C-Game
2015,2,whittf1,Fozzy Whittaker,RB,CAR,HOU,0.7,1.1,0.0,0.0,0.0,0.0,0.0,0.7,2.7,0.0,0.4,2.0,0.0,0.0,0.0,C-Game
2015,2,wattst1,Trey Watts,RB,STL,@WAS,0.7,0.7,0.0,0.0,0.0,0.0,0.0,1.0,4.2,0.0,0.0,0.0,0.0,0.0,0.0,C-Game
2015,2,boldeb1,Brandon Bolden,RB,NE,@BUF,0.6,1.3,0.0,0.0,0.0,0.0,0.0,0.0,0.0,0.0,0.7,5.3,0.0,0.0,0.0,C-Game
2015,2,kuhnj2,John Kuhn,RB,GB,SEA,0.6,0.9,0.0,0.0,0.0,0.0,0.0,0.9,3.3,0.0,0.3,1.3,0.0,0.0,0.0,C-Game
2015,2,thompj1,Juwan Thompson,RB,DEN,@KC,0.5,1.0,0.0,0.0,0.0,0.0,0.0,0.0,0.0,0.0,0.5,4.1,0.0,0.0,0.0,C-Game
2015,2,bohant1,Tommy Bohanon,RB,NYJ,@IND,0.4,0.8,0.0,0.0,0.0,0.0,0.0,0.4,1.3,0.0,0.4,2.4,0.0,0.0,0.0,C-Game
2015,2,dimarp1,Patrick DiMarco,RB,ATL,@NYG,0.4,0.9,0.0,0.0,0.0,0.0,0.0,0.0,0.0,0.0,0.5,2.8,0.0,0.0,0.0,C-Game
2015,2,langfj1,Jeremy Langford,RB,CHI,ARI,0.4,0.5,0.0,0.0,0.0,0.0,0.0,0.6,2.3,0.0,0.1,0.7,0.0,0.0,0.0,C-Game
2015,2,burkhr1,Rex Burkhead,RB,CIN,SD,0.3,0.3,0.0,0.0,0.0,0.0,0.0,0.4,1.2,0.0,0.0,0.0,0.0,0.0,0.0,C-Game
2015,2,stacyz1,Zac Stacy,RB,NYJ,@IND,0.3,0.6,0.0,0.0,0.0,0.0,0.0,0.0,0.0,0.0,0.3,2.4,0.0,0.0,0.0,C-Game
2015,2,colemd1,Derrick Coleman,RB,SEA,@GB,0.3,0.7,0.0,0.0,0.0,0.0,0.0,0.0,0.0,0.0,0.4,2.4,0.0,0.0,0.0,C-Game
2015,2,gronkr1,Rob Gronkowski,TE,NE,@BUF,12.6,18.0,0.0,0.0,0.0,0.0,0.0,0.0,0.0,0.0,5.4,73.7,0.9,0.0,0.0,A-Game
2015,2,kelcet1,Travis Kelce,TE,KC,DEN,9.7,15.4,0.0,0.0,0.0,0.0,0.0,0.0,0.0,0.0,5.7,62.9,0.6,0.0,0.0,A-Game
2015,2,wittej1,Jason Witten,TE,DAL,@PHI,9.6,14.9,0.0,0.0,0.0,0.0,0.0,0.0,0.0,0.0,5.3,61.8,0.6,0.0,0.0,A-Game
2015,2,grahaj1,Jimmy Graham,TE,SEA,@GB,8.3,13.2,0.0,0.0,0.0,0.0,0.0,0.0,0.0,0.0,4.9,55.7,0.5,0.0,0.0,B-Game
2015,2,olseng1,Greg Olsen,TE,CAR,HOU,7.9,13.3,0.0,0.0,0.0,0.0,0.0,0.0,0.0,0.0,5.4,54.3,0.4,0.0,0.0,B-Game
2015,2,bennem2,Martellus Bennett,TE,CHI,ARI,7.4,11.6,0.0,0.0,0.0,0.0,0.0,0.0,0.0,0.0,4.2,53.1,0.4,0.0,0.0,B-Game
2015,2,eifert1,Tyler Eifert,TE,CIN,SD,7.2,11.1,0.0,0.0,0.0,0.0,0.0,0.0,0.0,0.0,3.9,51.0,0.4,0.0,0.0,B-Game
2015,2,greenl1,Ladarius Green,TE,SD,@CIN,7.1,10.4,0.0,0.0,0.0,0.0,0.0,0.0,0.0,0.0,3.3,53.2,0.3,0.0,0.0,B-Game
2015,2,reedj4,Jordan Reed,TE,WAS,STL,7.1,11.2,0.0,0.0,0.0,0.0,0.0,0.0,0.0,0.0,4.1,47.8,0.4,0.0,0.0,B-Game
2015,2,milleh2,Heath Miller,TE,PIT,SF,6.8,11.5,0.0,0.0,0.0,0.0,0.0,0.0,0.0,0.0,4.6,51.6,0.3,0.0,0.0,B-Game
2015,2,camerj1,Jordan Cameron,TE,MIA,@JAX,6.6,10.4,0.0,0.0,0.0,0.0,0.0,0.0,0.0,0.0,3.8,46.1,0.3,0.0,0.0,B-Game
2015,2,walked2,Delanie Walker,TE,TEN,@CLE,6.5,10.6,0.0,0.0,0.0,0.0,0.0,0.0,0.0,0.0,4.0,42.5,0.4,0.0,0.0,B-Game
2015,2,ertzz1,Zach Ertz,TE,PHI,DAL,5.9,8.7,0.0,0.0,0.0,0.0,0.0,0.0,0.0,0.0,2.8,43.7,0.3,0.0,0.0,C-Game
2015,2,sefera1,Austin Seferian-Jenkins,TE,TB,@NO,5.8,9.2,0.0,0.0,0.0,0.0,0.0,0.0,0.0,0.0,3.4,39.2,0.3,0.0,0.0,C-Game
2015,2,rudolk1,Kyle Rudolph,TE,MIN,DET,5.8,9.4,0.0,0.0,0.0,0.0,0.0,0.0,0.0,0.0,3.7,35.5,0.4,0.0,0.0,C-Game
2015,2,davisv1,Vernon Davis,TE,SF,@PIT,5.3,8.2,0.0,0.0,0.0,0.0,0.0,0.0,0.0,0.0,2.9,40.4,0.2,0.0,0.0,C-Game
2015,2,allend1,Dwayne Allen,TE,IND,NYJ,5.3,7.7,0.0,0.0,0.0,0.0,0.0,0.0,0.0,0.0,2.3,22.9,0.5,0.0,0.0,C-Game
2015,2,cookj2,Jared Cook,TE,STL,@WAS,5.2,9.3,0.0,0.0,0.0,0.0,0.0,0.0,0.0,0.0,4.1,35.9,0.3,0.0,0.0,C-Game
2015,2,donnel1,Larry Donnell,TE,NYG,ATL,5.2,8.5,0.0,0.0,0.0,0.0,0.0,0.0,0.0,0.0,3.3,34.1,0.3,0.0,0.0,C-Game
2015,2,ebrone1,Eric Ebron,TE,DET,@MIN,5.1,8.1,0.0,0.0,0.0,0.0,0.0,0.0,0.0,0.0,3.1,31.2,0.3,0.0,0.0,C-Game
2015,2,rodger1,Richard Rodgers,TE,GB,SEA,5.0,8.0,0.0,0.0,0.0,0.0,0.0,0.0,0.0,0.0,3.0,33.1,0.3,0.0,0.0,C-Game
2015,2,fellsd2,Darren Fells,TE,ARI,@CHI,4.9,7.6,0.0,0.0,0.0,0.0,0.0,0.0,0.0,0.0,2.7,31.5,0.3,0.0,0.0,C-Game
2015,2,kendrl1,Lance Kendricks,TE,STL,@WAS,4.6,7.2,0.0,0.0,0.0,0.0,0.0,0.0,0.0,0.0,2.6,25.5,0.3,0.0,0.0,C-Game
2015,2,watsob1,Ben Watson,TE,NO,TB,4.5,6.8,0.0,0.0,0.0,0.0,0.0,0.0,0.0,0.0,2.3,33.4,0.2,0.0,0.0,C-Game
2015,2,clayc1,Charles Clay,TE,BUF,NE,4.5,7.6,0.0,0.0,0.0,0.0,0.0,0.0,0.0,0.0,3.1,31.2,0.2,0.0,0.0,C-Game
2015,2,fleenc1,Coby Fleener,TE,IND,NYJ,4.4,6.8,0.0,0.0,0.0,0.0,0.0,0.0,0.0,0.0,2.5,26.7,0.3,0.0,0.0,C-Game
2015,2,hillj4,Josh Hill,TE,NO,TB,4.2,6.1,0.0,0.0,0.0,0.0,0.0,0.0,0.0,0.0,1.9,30.3,0.2,0.0,0.0,C-Game
2015,2,chands1,Scott Chandler,TE,NE,@BUF,4.2,5.8,0.0,0.0,0.0,0.0,0.0,0.0,0.0,0.0,1.6,21.1,0.3,0.0,0.0,C-Game
2015,2,gillmc1,Crockett Gillmore,TE,BAL,@OAK,4.0,6.2,0.0,0.0,0.0,0.0,0.0,0.0,0.0,0.0,2.2,26.8,0.2,0.0,0.0,C-Game
2015,2,danieo1,Owen Daniels,TE,DEN,@KC,3.8,6.2,0.0,0.0,0.0,0.0,0.0,0.0,0.0,0.0,2.4,25.8,0.2,0.0,0.0,C-Game
2015,2,riverm1,Mychal Rivera,TE,OAK,BAL,3.5,5.7,0.0,0.0,0.0,0.0,0.0,0.0,0.0,0.0,2.2,25.1,0.2,0.0,0.0,C-Game
2015,2,barnig1,Gary Barnidge,TE,CLE,TEN,3.5,5.9,0.0,0.0,0.0,0.0,0.0,0.0,0.0,0.0,2.4,21.8,0.2,0.0,0.0,C-Game
2015,2,tammej1,Jacob Tamme,TE,ATL,@NYG,3.4,5.7,0.0,0.0,0.0,0.0,0.0,0.0,0.0,0.0,2.3,22.1,0.2,0.0,0.0,C-Game
2015,2,cumbej1,Jeff Cumberland,TE,NYJ,@IND,3.3,5.4,0.0,0.0,0.0,0.0,0.0,0.0,0.0,0.0,2.1,23.6,0.2,0.0,0.0,C-Game
2015,2,lewism2,Marcedes Lewis,TE,JAX,MIA,3.2,5.2,0.0,0.0,0.0,0.0,0.0,0.0,0.0,0.0,1.9,19.0,0.2,0.0,0.0,C-Game
2015,2,escobg1,Gavin Escobar,TE,DAL,@PHI,3.2,4.4,0.0,0.0,0.0,0.0,0.0,0.0,0.0,0.0,1.2,14.7,0.3,0.0,0.0,C-Game
2015,2,fellsd1,Daniel Fells,TE,NYG,ATL,2.8,4.1,0.0,0.0,0.0,0.0,0.0,0.0,0.0,0.0,1.3,21.3,0.1,0.0,0.0,C-Game
2015,2,willsl1,Luke Willson,TE,SEA,@GB,1.9,2.5,0.0,0.0,0.0,0.0,0.0,0.0,0.0,0.0,0.6,9.5,0.2,0.0,0.0,C-Game
2015,2,greshj1,Jermaine Gresham,TE,ARI,@CHI,1.8,3.0,0.0,0.0,0.0,0.0,0.0,0.0,0.0,0.0,1.1,11.5,0.1,0.0,0.0,C-Game
2015,2,willim6,Maxx Williams,TE,BAL,@OAK,1.8,2.8,0.0,0.0,0.0,0.0,0.0,0.0,0.0,0.0,1.0,12.2,0.1,0.0,0.0,C-Game
2015,2,toilol1,Levine Toilolo,TE,ATL,@NYG,1.8,2.7,0.0,0.0,0.0,0.0,0.0,0.0,0.0,0.0,0.9,8.3,0.2,0.0,0.0,C-Game
2015,2,fasana1,Anthony Fasano,TE,TEN,@CLE,1.7,2.8,0.0,0.0,0.0,0.0,0.0,0.0,0.0,0.0,1.1,12.0,0.1,0.0,0.0,C-Game
2015,2,celekb1,Brent Celek,TE,PHI,DAL,1.6,2.7,0.0,0.0,0.0,0.0,0.0,0.0,0.0,0.0,1.0,12.5,0.1,0.0,0.0,C-Game
2015,2,drayj1,Jim Dray,TE,CLE,TEN,1.5,2.6,0.0,0.0,0.0,0.0,0.0,0.0,0.0,0.0,1.1,9.9,0.1,0.0,0.0,C-Game
2015,2,walfoc1,Clive Walford,TE,OAK,BAL,1.5,2.5,0.0,0.0,0.0,0.0,0.0,0.0,0.0,0.0,1.0,11.4,0.1,0.0,0.0,C-Game
2015,2,harboc1,Clay Harbor,TE,JAX,MIA,1.3,2.3,0.0,0.0,0.0,0.0,0.0,0.0,0.0,0.0,1.0,8.4,0.1,0.0,0.0,C-Game
2015,2,fiedoc1,C.J. Fiedorowicz,TE,HOU,@CAR,1.2,2.1,0.0,0.0,0.0,0.0,0.0,0.0,0.0,0.0,0.9,8.5,0.1,0.0,0.0,C-Game
2015,2,mcdonv1,Vance McDonald,TE,SF,@PIT,1.2,2.0,0.0,0.0,0.0,0.0,0.0,0.0,0.0,0.0,0.8,9.4,0.0,0.0,0.0,C-Game
2015,2,simsd1,Dion Sims,TE,MIA,@JAX,1.2,2.0,0.0,0.0,0.0,0.0,0.0,0.0,0.0,0.0,0.8,8.1,0.1,0.0,0.0,C-Game
2015,2,dickse1,Ed Dickson,TE,CAR,HOU,1.2,2.0,0.0,0.0,0.0,0.0,0.0,0.0,0.0,0.0,0.8,8.0,0.1,0.0,0.0,C-Game
2015,2,browna4,Antonio Brown,WR,PIT,SF,15.6,23.3,0.0,0.0,0.0,0.0,0.0,0.0,0.0,0.0,7.6,106.0,0.9,0.0,0.0,A-Game
2015,2,jonesj6,Julio Jones,WR,ATL,@NYG,14.2,20.5,0.0,0.0,0.0,0.0,0.0,0.0,0.0,0.0,6.4,99.4,0.7,0.0,0.0,A-Game
2015,2,beckho1,Odell Beckham,WR,NYG,ATL,13.8,19.8,0.0,0.0,0.0,0.0,0.0,0.5,2.9,0.0,6.0,90.9,0.7,0.0,0.0,A-Game
2015,2,johnsc3,Calvin Johnson,WR,DET,@MIN,13.0,19.2,0.0,0.0,0.0,0.0,0.0,0.0,0.0,0.0,6.1,93.6,0.6,0.0,0.0,A-Game
2015,2,thomad5,Demaryius Thomas,WR,DEN,@KC,12.4,18.3,0.0,0.0,0.0,0.0,0.0,0.0,0.0,0.0,5.9,92.9,0.5,0.0,0.0,A-Game
2015,2,matthj2,Jordan Matthews,WR,PHI,DAL,12.4,19.1,0.0,0.0,0.0,0.0,0.0,0.0,0.0,0.0,6.7,93.6,0.5,0.0,0.0,A-Game
2015,2,greena2,A.J. Green,WR,CIN,SD,12.1,18.0,0.0,0.0,0.0,0.0,0.0,0.0,0.0,0.0,5.9,91.8,0.5,0.0,0.0,A-Game
2015,2,hopkid1,DeAndre Hopkins,WR,HOU,@CAR,11.7,17.8,0.0,0.0,0.0,0.0,0.0,0.0,0.0,0.0,6.2,80.0,0.6,0.0,0.0,A-Game
2015,2,allenk1,Keenan Allen,WR,SD,@CIN,11.6,18.3,0.0,0.0,0.0,0.0,0.0,0.0,0.0,0.0,6.7,90.7,0.4,0.0,0.0,A-Game
2015,2,cooksb1,Brandin Cooks,WR,NO,TB,11.6,17.3,0.0,0.0,0.0,0.0,0.0,0.9,7.5,0.0,5.7,69.8,0.6,0.0,0.0,A-Game
2015,2,cobbr1,Randall Cobb,WR,GB,SEA,11.1,16.5,0.0,0.0,0.0,0.0,0.0,0.3,1.3,0.0,5.4,66.3,0.8,0.0,0.0,A-Game
2015,2,jeffea1,Alshon Jeffery,WR,CHI,ARI,10.9,15.8,0.0,0.0,0.0,0.0,0.0,0.0,0.0,0.0,4.9,78.5,0.5,0.0,0.0,B-Game
2015,2,sandee1,Emmanuel Sanders,WR,DEN,@KC,10.6,16.1,0.0,0.0,0.0,0.0,0.0,0.4,2.3,0.0,5.6,76.1,0.5,0.0,0.0,B-Game
2015,2,willit3,Terrance Williams,WR,DAL,@PHI,10.4,15.2,0.0,0.0,0.0,0.0,0.0,0.0,0.0,0.0,4.8,70.7,0.6,0.0,0.0,B-Game
2015,2,edelmj1,Julian Edelman,WR,NE,@BUF,10.4,17.1,0.0,0.0,0.0,0.0,0.0,1.0,7.9,0.0,6.8,77.7,0.3,0.0,0.0,B-Game
2015,2,fitzgl1,Larry Fitzgerald,WR,ARI,@CHI,9.9,15.5,0.0,0.0,0.0,0.0,0.0,0.0,0.0,0.0,5.6,70.2,0.5,0.0,0.0,B-Game
2015,2,landrj1,Jarvis Landry,WR,MIA,@JAX,9.8,15.8,0.0,0.0,0.0,0.0,0.0,0.0,0.0,0.0,6.0,73.1,0.4,0.0,0.0,B-Game
2015,2,brownj5,John Brown,WR,ARI,@CHI,9.7,14.3,0.0,0.0,0.0,0.0,0.0,0.0,0.0,0.0,4.7,68.7,0.5,0.0,0.0,B-Game
2015,2,marshb1,Brandon Marshall,WR,NYJ,@IND,9.6,14.9,0.0,0.0,0.0,0.0,0.0,0.0,0.0,0.0,5.3,75.5,0.4,0.0,0.0,B-Game
2015,2,evansm1,Mike Evans,WR,TB,@NO,9.4,14.1,0.0,0.0,0.0,0.0,0.0,0.0,0.0,0.0,4.7,66.6,0.5,0.0,0.0,B-Game
2015,2,smiths1,Steve L Smith,WR,BAL,@OAK,9.3,14.4,0.0,0.0,0.0,0.0,0.0,0.0,0.0,0.0,5.1,65.9,0.5,0.0,0.0,B-Game
2015,2,jacksv1,Vincent Jackson,WR,TB,@NO,9.3,13.8,0.0,0.0,0.0,0.0,0.0,0.0,0.0,0.0,4.5,64.2,0.5,0.0,0.0,B-Game
2015,2,maclij1,Jeremy Maclin,WR,KC,DEN,9.3,15.2,0.0,0.0,0.0,0.0,0.0,0.0,0.0,0.0,5.9,63.9,0.5,0.0,0.0,B-Game
2015,2,garcop1,Pierre Garcon,WR,WAS,STL,9.3,13.6,0.0,0.0,0.0,0.0,0.0,0.0,0.0,0.0,4.3,64.5,0.5,0.0,0.0,B-Game
2015,2,whiter3,Roddy White,WR,ATL,@NYG,9.3,13.7,0.0,0.0,0.0,0.0,0.0,0.0,0.0,0.0,4.4,60.7,0.5,0.0,0.0,B-Game
2015,2,adamsd2,Davante Adams,WR,GB,SEA,9.2,14.0,0.0,0.0,0.0,0.0,0.0,0.0,0.0,0.0,4.7,61.2,0.5,0.0,0.0,B-Game
2015,2,wrighk1,Kendall Wright,WR,TEN,@CLE,9.1,14.0,0.0,0.0,0.0,0.0,0.0,0.3,2.4,0.0,4.9,54.5,0.6,0.0,0.0,B-Game
2015,2,johnss1,Stevie Johnson,WR,SD,@CIN,9.1,13.2,0.0,0.0,0.0,0.0,0.0,0.0,0.0,0.0,4.1,68.8,0.4,0.0,0.0,B-Game
2015,2,beaslc1,Cole Beasley,WR,DAL,@PHI,9.1,13.2,0.0,0.0,0.0,0.0,0.0,0.0,0.0,0.0,4.1,61.8,0.5,0.0,0.0,B-Game
2015,2,robina3,Allen Robinson,WR,JAX,MIA,8.9,14.1,0.0,0.0,0.0,0.0,0.0,0.0,0.0,0.0,5.2,64.3,0.4,0.0,0.0,B-Game
2015,2,coopea1,Amari Cooper,WR,OAK,BAL,8.8,13.6,0.0,0.0,0.0,0.0,0.0,0.0,0.0,0.0,4.7,66.1,0.4,0.0,0.0,B-Game
2015,2,johnsa3,Andre Johnson,WR,IND,NYJ,8.8,13.9,0.0,0.0,0.0,0.0,0.0,0.0,0.0,0.0,5.2,61.0,0.5,0.0,0.0,B-Game
2015,2,tateg1,Golden Tate,WR,DET,@MIN,8.8,14.0,0.0,0.0,0.0,0.0,0.0,0.1,1.1,0.0,5.2,67.6,0.3,0.0,0.0,B-Game
2015,2,wallam1,Mike Wallace,WR,MIN,DET,8.7,13.2,0.0,0.0,0.0,0.0,0.0,0.0,0.0,0.0,4.6,60.8,0.4,0.0,0.0,B-Game
2015,2,moncrd1,Donte Moncrief,WR,IND,NYJ,8.5,12.8,0.0,0.0,0.0,0.0,0.0,0.2,1.0,0.0,4.2,54.6,0.5,0.0,0.0,B-Game
2015,2,colemb2,Brandon Coleman,WR,NO,TB,8.5,12.1,0.0,0.0,0.0,0.0,0.0,0.0,0.0,0.0,3.5,50.0,0.6,0.0,0.0,B-Game
2015,2,johnsc5,Charles Johnson,WR,MIN,DET,8.2,12.6,0.0,0.0,0.0,0.0,0.0,0.0,0.0,0.0,4.3,58.3,0.4,0.0,0.0,B-Game
2015,2,watkis1,Sammy Watkins,WR,BUF,NE,7.8,11.8,0.0,0.0,0.0,0.0,0.0,0.0,0.0,0.0,4.0,58.2,0.3,0.0,0.0,C-Game
2015,2,hurnsa1,Allen Hurns,WR,JAX,MIA,7.8,11.5,0.0,0.0,0.0,0.0,0.0,0.0,0.0,0.0,3.7,51.6,0.4,0.0,0.0,C-Game
2015,2,boldia1,Anquan Boldin,WR,SF,@PIT,7.8,12.5,0.0,0.0,0.0,0.0,0.0,0.0,0.0,0.0,4.8,60.1,0.3,0.0,0.0,C-Game
2015,2,deckee1,Eric Decker,WR,NYJ,@IND,7.7,11.0,0.0,0.0,0.0,0.0,0.0,0.0,0.0,0.0,3.3,59.0,0.3,0.0,0.0,C-Game
2015,2,jonesj5,James Jones,WR,GB,SEA,7.4,11.0,0.0,0.0,0.0,0.0,0.0,0.0,0.0,0.0,3.5,51.0,0.4,0.0,0.0,C-Game
2015,2,wheatm1,Markus Wheaton,WR,PIT,SF,7.0,10.3,0.0,0.0,0.0,0.0,0.0,0.0,0.0,0.0,3.2,50.2,0.3,0.0,0.0,C-Game
2015,2,agholn1,Nelson Agholor,WR,PHI,DAL,7.0,10.2,0.0,0.0,0.0,0.0,0.0,0.0,0.0,0.0,3.2,53.1,0.3,0.0,0.0,C-Game
2015,2,colstm1,Marques Colston,WR,NO,TB,7.0,10.4,0.0,0.0,0.0,0.0,0.0,0.0,0.0,0.0,3.4,45.5,0.4,0.0,0.0,C-Game
2015,2,royale1,Eddie Royal,WR,CHI,ARI,6.7,9.9,0.0,0.0,0.0,0.0,0.0,0.0,0.0,0.0,3.3,48.5,0.3,0.0,0.0,C-Game
2015,2,harvip1,Percy Harvin,WR,BUF,NE,6.5,9.8,0.0,0.0,0.0,0.0,0.0,1.4,9.9,0.1,3.3,38.5,0.2,0.0,0.0,C-Game
2015,2,robera1,Andre Roberts,WR,WAS,STL,6.4,9.5,0.0,0.0,0.0,0.0,0.0,0.1,1.2,0.0,3.1,43.7,0.3,0.0,0.0,C-Game
2015,2,brittk1,Kenny Britt,WR,STL,@WAS,6.4,10.4,0.0,0.0,0.0,0.0,0.0,0.0,0.0,0.0,4.0,49.7,0.3,0.0,0.0,C-Game
2015,2,randlr1,Rueben Randle,WR,NYG,ATL,6.4,9.7,0.0,0.0,0.0,0.0,0.0,0.0,0.0,0.0,3.3,48.3,0.3,0.0,0.0,C-Game
2015,2,dorsep1,Phillip Dorsett,WR,IND,NYJ,6.2,9.1,0.0,0.0,0.0,0.0,0.0,0.0,0.0,0.0,2.9,40.7,0.4,0.0,0.0,C-Game
2015,2,baldwd1,Doug Baldwin,WR,SEA,@GB,6.1,10.6,0.0,0.0,0.0,0.0,0.0,0.0,0.0,0.0,4.4,47.4,0.2,0.0,0.0,C-Game
2015,2,floydm3,Michael Floyd,WR,ARI,@CHI,6.0,8.8,0.0,0.0,0.0,0.0,0.0,0.0,0.0,0.0,2.8,43.0,0.3,0.0,0.0,C-Game
2015,2,bailes1,Stedman Bailey,WR,STL,@WAS,6.0,10.0,0.0,0.0,0.0,0.0,0.0,0.0,0.0,0.0,4.0,48.6,0.2,0.0,0.0,C-Game
2015,2,hartlb1,Brian Hartline,WR,CLE,TEN,5.9,9.2,0.0,0.0,0.0,0.0,0.0,0.0,0.0,0.0,3.3,40.6,0.3,0.0,0.0,C-Game
2015,2,aikenk1,Kamar Aiken,WR,BAL,@OAK,5.8,8.1,0.0,0.0,0.0,0.0,0.0,0.0,0.0,0.0,2.4,39.0,0.3,0.0,0.0,C-Game
2015,2,matthr1,Rishard Matthews,WR,MIA,@JAX,5.6,9.0,0.0,0.0,0.0,0.0,0.0,0.0,0.0,0.0,3.4,40.6,0.3,0.0,0.0,C-Game
2015,2,hawkia1,Andrew Hawkins,WR,CLE,TEN,5.5,9.5,0.0,0.0,0.0,0.0,0.0,0.2,1.1,0.0,4.0,39.6,0.3,0.0,0.0,C-Game
2015,2,washin1,Nate Washington,WR,HOU,@CAR,5.5,8.4,0.0,0.0,0.0,0.0,0.0,0.0,0.0,0.0,3.0,41.2,0.2,0.0,0.0,C-Game
2015,2,shortc1,Cecil Shorts,WR,HOU,@CAR,5.3,8.9,0.0,0.0,0.0,0.0,0.0,0.0,0.0,0.0,3.6,38.8,0.3,0.0,0.0,C-Game
2015,2,austit2,Tavon Austin,WR,STL,@WAS,5.3,7.9,0.0,0.0,0.0,0.0,0.0,1.5,8.3,0.2,2.6,25.5,0.2,0.0,0.0,C-Game
2015,2,smitht7,Torrey Smith,WR,SF,@PIT,5.2,7.9,0.0,0.0,0.0,0.0,0.0,0.0,0.0,0.0,2.7,38.5,0.2,0.0,0.0,C-Game
2015,2,amendd1,Danny Amendola,WR,NE,@BUF,5.1,8.3,0.0,0.0,0.0,0.0,0.0,0.0,0.0,0.0,3.2,39.5,0.2,0.0,0.0,C-Game
2015,2,parkep1,Preston Parker,WR,NYG,ATL,5.0,7.3,0.0,0.0,0.0,0.0,0.0,0.0,0.0,0.0,2.2,36.9,0.2,0.0,0.0,C-Game
2015,2,floydm2,Malcom Floyd,WR,SD,@CIN,4.9,7.0,0.0,0.0,0.0,0.0,0.0,0.0,0.0,0.0,2.1,40.7,0.2,0.0,0.0,C-Game
2015,2,crabtm1,Michael Crabtree,WR,OAK,BAL,4.8,7.2,0.0,0.0,0.0,0.0,0.0,0.0,0.0,0.0,2.4,36.5,0.2,0.0,0.0,C-Game
2015,2,jennig1,Greg Jennings,WR,MIA,@JAX,4.8,7.7,0.0,0.0,0.0,0.0,0.0,0.0,0.0,0.0,2.9,35.2,0.2,0.0,0.0,C-Game
2015,2,kearsj1,Jermaine Kearse,WR,SEA,@GB,4.8,7.5,0.0,0.0,0.0,0.0,0.0,0.0,0.0,0.0,2.7,37.9,0.2,0.0,0.0,C-Game
2015,2,benjat1,Travis Benjamin,WR,CLE,TEN,4.7,7.3,0.0,0.0,0.0,0.0,0.0,0.1,0.5,0.0,2.6,30.7,0.3,0.0,0.0,C-Game
2015,2,brownm2,Marlon Brown,WR,BAL,@OAK,4.6,6.6,0.0,0.0,0.0,0.0,0.0,0.0,0.0,0.0,2.0,34.2,0.2,0.0,0.0,C-Game
2015,2,gabrit1,Taylor Gabriel,WR,CLE,TEN,4.4,6.6,0.0,0.0,0.0,0.0,0.0,0.0,0.0,0.0,2.2,29.7,0.2,0.0,0.0,C-Game
2015,2,brownp1,Corey Brown,WR,CAR,HOU,4.3,6.7,0.0,0.0,0.0,0.0,0.0,0.4,3.3,0.0,2.4,28.2,0.2,0.0,0.0,C-Game
2015,2,woodsr1,Robert Woods,WR,BUF,NE,4.3,6.8,0.0,0.0,0.0,0.0,0.0,0.0,0.0,0.0,2.5,33.3,0.2,0.0,0.0,C-Game
2015,2,locket1,Tyler Lockett,WR,SEA,@GB,4.2,6.8,0.0,0.0,0.0,0.0,0.0,0.0,0.0,0.0,2.6,33.2,0.2,0.0,0.0,C-Game
2015,2,jonesm3,Marvin Jones,WR,CIN,SD,4.1,6.5,0.0,0.0,0.0,0.0,0.0,0.1,0.6,0.0,2.5,30.6,0.2,0.0,0.0,C-Game
2015,2,funchd1,Devin Funchess,WR,CAR,HOU,4.0,6.8,0.0,0.0,0.0,0.0,0.0,0.0,0.0,0.0,2.8,29.2,0.2,0.0,0.0,C-Game
2015,2,heywad1,Darrius Heyward-Bey,WR,PIT,SF,4.0,6.2,0.0,0.0,0.0,0.0,0.0,0.0,0.0,0.0,2.2,28.7,0.2,0.0,0.0,C-Game
2015,2,wrighj2,Jarius Wright,WR,MIN,DET,4.0,6.5,0.0,0.0,0.0,0.0,0.0,0.2,2.2,0.0,2.5,30.4,0.1,0.0,0.0,C-Game
2015,2,huntej1,Justin Hunter,WR,TEN,@CLE,4.0,5.8,0.0,0.0,0.0,0.0,0.0,0.0,0.0,0.0,1.8,27.2,0.2,0.0,0.0,C-Game
2015,2,ginnt1,Ted Ginn,WR,CAR,HOU,3.9,5.5,0.0,0.0,0.0,0.0,0.0,0.0,0.0,0.0,1.6,27.2,0.2,0.0,0.0,C-Game
2015,2,douglh1,Harry Douglas,WR,TEN,@CLE,3.9,6.3,0.0,0.0,0.0,0.0,0.0,0.0,0.0,0.0,2.4,29.4,0.2,0.0,0.0,C-Game
2015,2,hankel1,Leonard Hankerson,WR,ATL,@NYG,3.7,5.3,0.0,0.0,0.0,0.0,0.0,0.0,0.0,0.0,1.6,24.8,0.2,0.0,0.0,C-Game
2015,2,huffj1,Josh Huff,WR,PHI,DAL,3.4,4.8,0.0,0.0,0.0,0.0,0.0,0.2,1.0,0.0,1.4,25.0,0.1,0.0,0.0,C-Game
2015,2,streed1,Devin Street,WR,DAL,@PHI,3.3,5.0,0.0,0.0,0.0,0.0,0.0,0.0,0.0,0.0,1.7,26.5,0.1,0.0,0.0,C-Game
2015,2,parked1,DeVante Parker,WR,MIA,@JAX,3.3,5.0,0.0,0.0,0.0,0.0,0.0,0.0,0.0,0.0,1.7,24.4,0.2,0.0,0.0,C-Game
2015,2,norwoj2,Jordan Norwood,WR,DEN,@KC,3.2,4.6,0.0,0.0,0.0,0.0,0.0,0.0,0.0,0.0,1.4,24.5,0.1,0.0,0.0,C-Game
2015,2,wilsoa1,Albert Wilson,WR,KC,DEN,3.2,5.4,0.0,0.0,0.0,0.0,0.0,0.0,0.0,0.0,2.2,22.0,0.2,0.0,0.0,C-Game
2015,2,wilsom1,Marquess Wilson,WR,CHI,ARI,3.2,5.0,0.0,0.0,0.0,0.0,0.0,0.0,0.0,0.0,1.8,23.1,0.2,0.0,0.0,C-Game
2015,2,sanum1,Mohamed Sanu,WR,CIN,SD,3.1,4.8,0.0,0.0,0.0,0.0,0.0,0.0,0.0,0.0,1.6,24.2,0.1,0.0,0.0,C-Game
2015,2,mumphk1,Keith Mumphery,WR,HOU,@CAR,3.1,4.5,0.0,0.0,0.0,0.0,0.0,0.0,0.0,0.0,1.5,21.8,0.2,0.0,0.0,C-Game
2015,2,owusuc1,Chris Owusu,WR,NYJ,@IND,3.0,4.4,0.0,0.0,0.0,0.0,0.0,0.0,0.0,0.0,1.4,23.6,0.1,0.0,0.0,C-Game
2015,2,cotchj1,Jerricho Cotchery,WR,CAR,HOU,3.0,5.0,0.0,0.0,0.0,0.0,0.0,0.0,0.0,0.0,2.0,22.1,0.1,0.0,0.0,C-Game
2015,2,murphl1,Louis Murphy,WR,TB,@NO,3.0,4.5,0.0,0.0,0.0,0.0,0.0,0.0,0.0,0.0,1.5,21.4,0.2,0.0,0.0,C-Game
2015,2,stillk1,Kenny Stills,WR,MIA,@JAX,2.9,4.5,0.0,0.0,0.0,0.0,0.0,0.0,0.0,0.0,1.6,23.0,0.1,0.0,0.0,C-Game
2015,2,campam1,Michael Campanaro,WR,BAL,@OAK,2.9,4.2,0.0,0.0,0.0,0.0,0.0,0.0,0.0,0.0,1.3,19.5,0.2,0.0,0.0,C-Game
2015,2,robers1,Seth Roberts,WR,OAK,BAL,2.8,4.1,0.0,0.0,0.0,0.0,0.0,0.0,0.0,0.0,1.3,20.5,0.1,0.0,0.0,C-Game
2015,2,hardyj2,Justin Hardy,WR,ATL,@NYG,2.8,4.1,0.0,0.0,0.0,0.0,0.0,0.0,0.0,0.0,1.3,17.9,0.2,0.0,0.0,C-Game
2015,2,grantr3,Ryan Grant,WR,WAS,STL,2.7,4.0,0.0,0.0,0.0,0.0,0.0,0.0,0.0,0.0,1.3,18.7,0.1,0.0,0.0,C-Game
2015,2,hoganc1,Chris Hogan,WR,BUF,NE,2.5,4.0,0.0,0.0,0.0,0.0,0.0,0.0,0.0,0.0,1.4,18.7,0.1,0.0,0.0,C-Game
2015,2,greenr1,Rashad Greene,WR,JAX,MIA,2.4,3.6,0.0,0.0,0.0,0.0,0.0,0.0,0.0,0.0,1.3,14.7,0.2,0.0,0.0,C-Game
2015,2,nelsoj2,J.J. Nelson,WR,ARI,@CHI,2.3,3.2,0.0,0.0,0.0,0.0,0.0,0.0,0.0,0.0,0.9,17.2,0.1,0.0,0.0,C-Game
2015,2,sneadw1,Willie Snead,WR,NO,TB,2.3,3.0,0.0,0.0,0.0,0.0,0.0,0.0,0.0,0.0,0.8,15.2,0.1,0.0,0.0,C-Game
2015,2,dobsoa1,Aaron Dobson,WR,NE,@BUF,2.2,3.4,0.0,0.0,0.0,0.0,0.0,0.0,0.0,0.0,1.3,15.8,0.1,0.0,0.0,C-Game
2015,2,stronj1,Jaelen Strong,WR,HOU,@CAR,2.1,3.2,0.0,0.0,0.0,0.0,0.0,0.0,0.0,0.0,1.1,14.5,0.1,0.0,0.0,C-Game
2015,2,pattec1,Cordarrelle Patterson,WR,MIN,DET,2.1,3.3,0.0,0.0,0.0,0.0,0.0,0.3,3.3,0.0,1.1,15.2,0.1,0.0,0.0,C-Game
2015,2,moorel1,Lance Moore,WR,DET,@MIN,2.1,3.1,0.0,0.0,0.0,0.0,0.0,0.0,0.0,0.0,1.0,15.6,0.1,0.0,0.0,C-Game
2015,2,jonesj4,Jacoby Jones,WR,SD,@CIN,1.7,2.4,0.0,0.0,0.0,0.0,0.0,0.0,0.0,0.0,0.7,12.5,0.1,0.0,0.0,C-Game
2015,2,walteb1,Bryan Walters,WR,JAX,MIA,1.7,2.9,0.0,0.0,0.0,0.0,0.0,0.0,0.0,0.0,1.2,12.6,0.1,0.0,0.0,C-Game
2015,2,cooper1,Riley Cooper,WR,PHI,DAL,1.6,2.5,0.0,0.0,0.0,0.0,0.0,0.0,0.0,0.0,0.9,12.5,0.1,0.0,0.0,C-Game
2015,2,thomad7,DeAnthony Thomas,WR,KC,DEN,1.4,2.4,0.0,0.0,0.0,0.0,0.0,0.3,1.7,0.0,1.0,8.4,0.1,0.0,0.0,C-Game
2015,2,brownj4,Jaron Brown,WR,ARI,@CHI,1.4,2.1,0.0,0.0,0.0,0.0,0.0,0.0,0.0,0.0,0.8,11.5,0.0,0.0,0.0,C-Game
2015,2,harrid1,Dwayne Harris,WR,NYG,ATL,1.3,1.8,0.0,0.0,0.0,0.0,0.0,1.2,5.7,0.0,0.4,5.7,0.0,0.0,0.0,C-Game
2015,2,locker1,Ricardo Lockette,WR,SEA,@GB,1.2,2.1,0.0,0.0,0.0,0.0,0.0,0.0,0.0,0.0,0.8,10.7,0.0,0.0,0.0,C-Game
2015,2,ellinb1,Bruce Ellington,WR,SF,@PIT,1.1,1.7,0.0,0.0,0.0,0.0,0.0,0.3,1.5,0.0,0.5,6.6,0.0,0.0,0.0,C-Game
2015,2,shepar1,Russell Shepard,WR,TB,@NO,1.0,1.6,0.0,0.0,0.0,0.0,0.0,0.0,0.0,0.0,0.6,7.1,0.1,0.0,0.0,C-Game
2015,2,greend1,Dorial Green-Beckham,WR,TEN,@CLE,1.0,1.4,0.0,0.0,0.0,0.0,0.0,0.0,0.0,0.0,0.4,6.5,0.1,0.0,0.0,C-Game
2015,2,matthc1,Chris Matthews,WR,SEA,@GB,0.9,1.5,0.0,0.0,0.0,0.0,0.0,0.0,0.0,0.0,0.6,7.1,0.0,0.0,0.0,C-Game
2015,2,whaleg1,Griff Whalen,WR,IND,NYJ,0.8,1.3,0.0,0.0,0.0,0.0,0.0,0.0,0.0,0.0,0.5,5.1,0.0,0.0,0.0,C-Game
2015,2,tateb1,Brandon Tate,WR,CIN,SD,0.8,1.4,0.0,0.0,0.0,0.0,0.0,0.0,0.0,0.0,0.6,6.4,0.0,0.0,0.0,C-Game
2015,2,montgt1,Ty Montgomery,WR,GB,SEA,0.8,1.2,0.0,0.0,0.0,0.0,0.0,0.0,0.0,0.0,0.4,5.1,0.0,0.0,0.0,C-Game
2015,2,caldwa1,Andre Caldwell,WR,DEN,@KC,0.7,1.2,0.0,0.0,0.0,0.0,0.0,0.0,0.0,0.0,0.4,5.4,0.0,0.0,0.0,C-Game
2015,2,strear1,Rod Streater,WR,OAK,BAL,0.7,1.1,0.0,0.0,0.0,0.0,0.0,0.0,0.0,0.0,0.4,4.6,0.0,0.0,0.0,C-Game
2015,2,givenc1,Chris Givens,WR,STL,@WAS,0.6,1.1,0.0,0.0,0.0,0.0,0.0,0.0,0.0,0.0,0.5,4.6,0.0,0.0,0.0,C-Game
2015,2,conlec1,Chris Conley,WR,KC,DEN,0.6,1.1,0.0,0.0,0.0,0.0,0.0,0.0,0.0,0.0,0.4,4.2,0.0,0.0,0.0,C-Game
2015,2,enunwq1,Quincy Enunwa,WR,NYJ,@IND,0.6,1.0,0.0,0.0,0.0,0.0,0.0,0.0,0.0,0.0,0.4,4.7,0.0,0.0,0.0,C-Game
2015,2,pattoq1,Quinton Patton,WR,SF,@PIT,0.6,1.0,0.0,0.0,0.0,0.0,0.0,0.0,0.0,0.0,0.4,4.7,0.0,0.0,0.0,C-Game
2015,2,harpec2,Chris Harper,WR,NE,@BUF,0.5,0.9,0.0,0.0,0.0,0.0,0.0,0.0,0.0,0.0,0.3,5.3,0.0,0.0,0.0,C-Game
2015,2,avantj1,Jason Avant,WR,KC,DEN,0.5,0.7,0.0,0.0,0.0,0.0,0.0,0.0,0.0,0.0,0.2,3.1,0.0,0.0,0.0,C-Game
2015,2,mariam1,Marc Mariani,WR,CHI,ARI,0.4,0.8,0.0,0.0,0.0,0.0,0.0,0.0,0.0,0.0,0.4,3.5,0.0,0.0,0.0,C-Game
2015,2,weemse1,Eric Weems,WR,ATL,@NYG,0.4,0.6,0.0,0.0,0.0,0.0,0.0,0.0,0.0,0.0,0.2,2.8,0.0,0.0,0.0,C-Game
